lat,lon,ts
-21.9886,-179.0131,2025-10-02 14:49:35
-15.5214,-173.6291,2025-10-02 14:51:47
-12.7882,-171.5114,2025-10-02 14:52:42
18.102,-148.7492,2025-10-02 15:02:58
43.1482,-118.2533,2025-10-02 15:12:36
32.4106,-115.7818,2025-10-02 21:43:39
43.3179,-97.1,2025-10-04 22:32:02
-41.6774,-43.6121,2025-10-05 03:03:35
-32.6398,-30.2067,2025-10-05 03:07:20
51.2942,73.2554,2025-10-05 07:40:22
-49.6948,-130.3139,2025-10-05 08:24:44
9.5043,135.224,2025-10-05 09:34:40
11.9022,109.8382,2025-10-05 11:06:44
-49.06,155.928,2025-10-05 13:02:46
31.0853,45.4229,2025-10-05 14:05:46
-7.9067,-126.2106,2025-10-05 15:00:15
14.7861,36.8315,2025-10-05 15:44:21
-36.9504,-177.4473,2025-10-05 16:22:48
-1.4047,1.4572,2025-10-05 18:55:25
29.6892,-167.0658,2025-10-05 19:51:33
-40.3859,15.5761,2025-10-05 20:42:13
19.4366,136.042,2025-10-05 22:53:38
41.3231,114.6502,2025-10-06 02:07:40
9.0159,57.1262,2025-10-06 03:28:43
-29.3665,3.1293,2025-10-06 04:48:36
50.7043,125.0907,2025-10-06 05:24:08
8.0714,9.2394,2025-10-06 06:34:07
-4.9297,175.1841,2025-10-06 07:19:27
17.1842,135.3497,2025-10-06 08:44:59
-11.2751,-51.8711,2025-10-06 09:33:27
-42.0864,166.3143,2025-10-06 10:38:43
-10.4326,108.3987,2025-10-06 11:59:51
-1.5415,-115.6151,2025-10-06 14:15:14
29.2449,-90.7156,2025-10-06 14:25:41
11.3293,21.9112,2025-10-06 16:31:15
34.1573,-132.1982,2025-10-06 17:33:15
36.4812,-152.6859,2025-10-06 19:07:02
-6.4028,-12.5374,2025-10-06 19:42:49
-7.6346,145.6315,2025-10-06 20:24:40
-33.208,99.1596,2025-10-06 21:48:36
0.2042,-64.4409,2025-10-06 22:46:21
7.5247,109.2694,2025-10-06 23:35:23
-39.0085,-75.0724,2025-10-07 02:05:55
46.4768,172.812,2025-10-07 03:07:33
29.8552,57.5653,2025-10-07 04:21:38
32.2394,36.6709,2025-10-07 05:55:23
5.5778,173.7454,2025-10-07 06:28:52
51.4894,64.8655,2025-10-07 07:39:31
47.421,17.294,2025-10-07 09:08:04
-34.8367,160.9172,2025-10-07 09:48:30
11.6464,-52.8684,2025-10-07 10:26:45
-3.0739,85.5088,2025-10-07 12:43:09
51.3397,-32.0293,2025-10-07 13:50:31
-42.7633,-175.2576,2025-10-07 14:45:59
-46.4293,88.0901,2025-10-07 16:05:18
6.2093,-151.2534,2025-10-07 16:36:22
-0.7833,13.0902,2025-10-07 17:20:58
-38.2724,51.0724,2025-10-08 00:05:08
-17.4186,49.8187,2025-10-08 01:45:40
25.2476,58.9217,2025-10-08 03:32:49
-28.9127,-7.9065,2025-10-08 04:47:21
49.5691,120.3289,2025-10-08 05:23:55
-1.6693,-9.2346,2025-10-08 06:29:29
-44.8785,-79.5223,2025-10-08 07:46:19
-51.6018,-137.9263,2025-10-08 09:12:45
-14.0908,123.2535,2025-10-08 10:26:48
34.0519,36.3869,2025-10-08 13:16:05
-51.2808,117.8389,2025-10-08 15:22:31
-40.2886,148.2239,2025-10-08 17:05:40
51.4172,-142.7898,2025-10-08 20:47:50
5.2106,-126.7064,2025-10-09 01:48:58
-35.8576,-114.8343,2025-10-09 03:36:01
-21.1332,-154.1551,2025-10-09 05:03:27
-38.8037,-38.0961,2025-10-09 05:29:10
-49.7252,-89.7994,2025-10-09 06:55:54
29.2342,-1.8024,2025-10-09 07:25:39
39.1134,87.836,2025-10-10 02:03:46
-44.7881,-116.4846,2025-10-10 04:25:42
-19.7729,-172.8633,2025-10-10 05:48:38
6.7707,143.8391,2025-10-10 07:12:40
-37.4759,-77.2014,2025-10-10 07:48:14
13.9556,114.8927,2025-10-10 08:43:08
25.3509,-46.8599,2025-10-10 09:42:45
-10.9252,-98.2123,2025-10-10 11:03:28
26.9975,-68.8468,2025-10-10 11:16:12
14.284,-127.0912,2025-10-10 14:17:31
50.2631,-36.5171,2025-10-10 14:38:51
-49.1868,68.7264,2025-10-10 16:51:21
48.8514,-100.3025,2025-10-10 19:18:41
9.1084,134.6251,2025-10-10 20:27:12
-44.1551,58.3256,2025-10-10 21:40:51
50.3062,171.9654,2025-10-10 22:17:24
-23.1273,63.0936,2025-10-10 23:22:08
-33.7496,-129.0764,2025-10-11 03:33:37
33.8403,149.2068,2025-10-11 04:43:09
-8.6005,160.8909,2025-10-11 06:30:31
32.7466,-9.3069,2025-10-11 07:25:24
-44.5812,154.6965,2025-10-11 09:49:47
32.3411,56.6532,2025-10-11 10:55:08
-41.8938,101.8059,2025-10-11 12:54:09
40.6387,-92.3027,2025-10-11 13:40:02
-19.15,51.0981,2025-10-11 14:18:19
-44.9193,61.1264,2025-10-11 16:01:22
-21.0382,165.3914,2025-10-11 16:24:13
-23.2189,7.4485,2025-10-11 17:25:25
-12.1477,-25.2383,2025-10-11 18:54:30
-22.5545,-71.8986,2025-10-12 07:52:12
35.1917,-47.3405,2025-10-12 09:44:48
51.6126,-17.4036,2025-10-12 11:28:42
49.2517,-63.4665,2025-10-12 12:57:40
-48.0875,76.4738,2025-10-12 15:16:02
31.2005,-30.3349,2025-10-12 16:19:43
33.0927,-56.1602,2025-10-12 17:51:51
-43.3552,95.8164,2025-10-12 18:33:55
42.0951,111.2888,2025-10-12 23:43:24
-36.8043,-152.4049,2025-10-13 11:38:10
-20.1876,40.5202,2025-10-13 14:17:00
-3.0758,167.711,2025-10-13 16:28:34
-17.7426,133.1152,2025-10-13 17:56:31
25.2839,142.5162,2025-10-13 19:43:47
24.8062,-112.0357,2025-10-13 21:46:09
-51.104,-42.633,2025-10-13 23:48:48
50.1532,82.8122,2025-10-14 05:18:32
7.3744,120.4884,2025-10-14 07:09:08
25.7011,-69.4343,2025-10-14 09:39:33
-16.1303,-125.1261,2025-10-14 10:58:23
-5.0645,58.5748,2025-10-14 11:51:47
29.0408,-113.2473,2025-10-14 12:46:27
-43.5768,154.6862,2025-10-14 13:53:32
-50.0628,109.9665,2025-10-14 15:22:08
-23.7019,2.5182,2025-10-14 16:36:36
47.0224,-93.1241,2025-10-14 17:43:43
24.5812,147.9326,2025-10-14 18:56:13
46.0808,-113.9816,2025-10-14 19:17:08
-41.8733,40.1782,2025-10-14 21:38:35
-22.3333,40.911,2025-10-14 23:19:01
-28.0603,-177.0536,2025-10-15 13:13:11
27.7476,-155.8544,2025-10-15 15:04:59
-42.8296,33.4143,2025-10-15 15:57:32
50.6975,-131.5714,2025-10-15 16:49:19
-28.6783,-10.2966,2025-10-15 17:24:39
23.2348,-75.0088,2025-10-15 18:40:00
-45.2,62.4182,2025-10-15 19:17:32
-51.5252,7.7288,2025-10-15 20:44:39
-15.0371,-93.2985,2025-10-15 21:58:34
-45.9019,-10.225,2025-10-15 23:55:49
-44.876,-150.8801,2025-10-16 04:21:43
-43.8054,-176.9665,2025-10-16 05:54:04
-15.6894,125.5794,2025-10-16 07:16:09
-26.6449,135.1776,2025-10-16 07:19:57
-45.0121,138.6344,2025-10-16 09:00:28
43.8373,-55.912,2025-10-16 09:46:19
7.5695,-119.5672,2025-10-16 11:05:42
-28.418,66.1587,2025-10-16 11:59:16
29.4656,-4.4183,2025-10-16 13:12:29
34.1771,-142.6451,2025-10-16 14:20:47
-50.8517,43.7431,2025-10-16 16:49:23
-42.3747,74.6004,2025-10-16 18:32:21
15.3688,81.0638,2025-10-16 21:58:32
37.2551,79.9144,2025-10-16 23:39:22
5.0395,-172.8089,2025-10-17 01:43:59
-51.5146,-104.1203,2025-10-17 03:42:33
-26.4311,164.4839,2025-10-17 05:00:22
-7.4697,-53.5835,2025-10-17 05:35:26
-2.7813,-73.825,2025-10-17 07:09:53
24.5265,-52.7563,2025-10-17 07:19:02
38.0399,-60.5491,2025-10-17 08:57:03
-0.1738,72.8701,2025-10-17 09:30:09
49.6676,-55.1583,2025-10-17 10:36:18
33.8078,-113.593,2025-10-17 12:01:07
-50.0103,104.4082,2025-10-17 14:35:10
-41.622,19.2637,2025-10-17 15:56:37
49.2176,-151.7142,2025-10-17 16:47:29
-51.4693,20.7873,2025-10-17 19:11:37
6.5909,104.0031,2025-10-17 19:36:05
-51.5943,-10.437,2025-10-17 20:43:14
-32.669,-88.424,2025-10-17 22:04:28
16.2707,-151.6985,2025-10-17 23:20:43
37.9004,39.5795,2025-10-18 01:58:47
-16.996,-31.3009,2025-10-18 03:12:43
25.81,129.1664,2025-10-18 03:56:04
-25.8893,-62.7207,2025-10-18 04:42:31
-31.2359,151.8748,2025-10-18 05:48:22
43.4472,57.6685,2025-10-18 06:54:44
-44.6389,-136.8318,2025-10-18 07:40:36
-34.9694,109.2309,2025-10-18 08:55:35
28.4475,-90.1787,2025-10-18 09:39:34
-21.7231,71.6118,2025-10-18 10:23:37
14.6529,20.7369,2025-10-18 11:44:22
1.7986,177.7358,2025-10-19 01:44:38
-6.6384,-41.1391,2025-10-19 04:02:24
50.2098,64.9346,2025-10-19 04:30:44
15.5857,-48.5568,2025-10-19 05:42:39
16.7272,-71.2512,2025-10-19 07:15:55
-37.1873,-140.8544,2025-10-19 08:30:14
-13.7017,47.3649,2025-10-19 11:07:06
-37.7755,48.2806,2025-10-19 12:48:43
48.2376,-67.6233,2025-10-19 13:49:44
14.6664,-67.7632,2025-10-19 17:09:14
-48.5811,52.0563,2025-10-19 17:41:43
-48.4301,-22.1258,2025-10-19 19:05:45
25.9853,108.0394,2025-10-19 19:42:13
-27.6084,-82.1458,2025-10-19 20:29:14
48.4156,173.6915,2025-10-19 21:34:02
42.8091,83.6122,2025-10-19 22:54:43
-37.7698,-116.9579,2025-10-19 23:38:55
-19.7594,-21.725,2025-10-20 01:38:25
-51.4017,-155.0091,2025-10-20 06:01:34
19.3148,-63.1941,2025-10-20 06:30:06
46.149,15.7598,2025-10-20 08:25:41
-9.8532,-131.9702,2025-10-20 09:26:11
-50.9977,115.9193,2025-10-20 10:37:09
-2.6809,21.6157,2025-10-20 11:49:37
-17.7654,9.3107,2025-10-20 13:27:31
-4.6799,160.9727,2025-10-20 14:06:33
50.7764,-98.2213,2025-10-20 14:33:32
7.8275,146.2922,2025-10-20 15:43:33
-33.1289,-22.8681,2025-10-20 16:38:48
46.5018,-126.8625,2025-10-20 17:42:47
17.7434,106.6724,2025-10-20 18:52:38
-15.1345,-87.2105,2025-10-20 19:38:10
45.1074,118.3201,2025-10-20 20:36:17
-31.3989,20.0929,2025-10-20 21:41:46
40.6292,175.3521,2025-10-20 22:24:25
42.0716,149.0858,2025-10-20 23:56:39
36.0967,135.1936,2025-10-21 01:32:07
1.8743,-70.4094,2025-10-21 05:37:33
4.3812,-115.8323,2025-10-21 08:44:08
20.3617,-150.781,2025-10-21 11:55:15
-28.0284,124.1108,2025-10-21 14:44:43
-51.3141,-16.3123,2025-10-21 19:08:18
9.2874,-146.2316,2025-10-21 21:49:06
47.3704,12.624,2025-10-22 03:35:16
-2.2595,-67.3908,2025-10-22 04:49:25
-45.7575,-139.4909,2025-10-22 06:06:00
25.4267,58.8699,2025-10-22 07:00:53
-44.838,126.5803,2025-10-22 07:26:00
-48.066,112.3758,2025-10-22 09:00:50
18.4456,17.8496,2025-10-22 10:09:04
40.8245,-55.0783,2025-10-22 13:06:23
23.956,171.1571,2025-10-22 14:15:29
-21.9216,-22.4762,2025-10-22 15:01:12
-22.759,-68.9365,2025-10-22 18:07:15
30.8917,-135.6172,2025-10-22 19:21:56
10.9922,-141.5389,2025-10-22 21:01:44
-23.5845,-7.2463,2025-10-22 23:16:49
-40.0827,-42.2624,2025-10-23 17:27:04
-7.0238,-99.0374,2025-10-23 18:48:00
-10.9313,32.6535,2025-10-23 21:01:26
43.4954,164.0404,2025-10-23 21:35:36
22.759,34.4106,2025-10-23 22:45:32
-8.8928,-168.481,2025-10-23 23:27:15
29.6673,-100.4174,2025-10-24 08:05:16
-18.929,57.6908,2025-10-24 08:47:53
40.1472,-109.9758,2025-10-24 09:42:19
-41.6643,60.9442,2025-10-24 10:29:26
49.3318,-65.9538,2025-10-24 11:27:53
2.208,-28.8405,2025-10-24 13:19:29
4.0068,143.7599,2025-10-24 14:08:00
44.3266,-97.4365,2025-10-24 14:36:49
46.8159,170.3985,2025-10-24 15:57:12
35.9921,125.6559,2025-10-24 17:24:57
-48.4962,11.3404,2025-10-24 18:26:31
28.2766,-144.4668,2025-10-24 19:22:07
50.6451,116.2366,2025-10-24 20:38:57
-12.2357,14.0394,2025-10-24 21:47:01
-10.6319,-161.2267,2025-10-24 22:40:59
44.9931,119.3652,2025-10-24 23:53:43
-26.1888,164.5918,2025-10-25 01:52:04
36.1721,88.1191,2025-10-25 03:03:29
48.2802,-13.5452,2025-10-25 04:21:10
-32.1122,100.1159,2025-10-25 06:32:52
51.0892,-47.5743,2025-10-25 09:06:10
11.0927,154.8929,2025-10-25 13:23:29
-49.9796,-50.1772,2025-10-25 19:04:54
44.3683,4.741,2025-10-26 01:59:04
50.8825,31.1032,2025-10-26 03:40:58
-36.7226,-122.0896,2025-10-26 04:35:44
-30.6213,104.3885,2025-10-26 05:45:25
30.7556,30.0305,2025-10-26 06:57:19
-32.3012,-163.563,2025-10-26 07:43:13
44.3271,-14.6767,2025-10-26 08:24:26
40.3435,-121.2849,2025-10-26 09:41:31
-3.3181,174.1178,2025-10-26 10:58:57
41.8034,-142.2382,2025-10-26 11:15:03
47.2801,-93.4347,2025-10-26 13:01:21
-51.1945,54.6788,2025-10-26 13:44:10
50.3235,-130.077,2025-10-26 14:31:47
-14.6447,94.9551,2025-10-26 15:33:49
1.763,-87.37,2025-10-26 16:24:28
-3.7599,-107.0521,2025-10-26 17:59:10
-16.4193,46.3524,2025-10-26 18:38:57
-46.0206,-15.9411,2025-10-26 20:00:05
-50.8179,-156.6804,2025-10-27 02:03:20
-34.4572,-113.036,2025-10-27 03:49:43
-51.3217,161.2213,2025-10-27 05:09:57
42.8552,-63.3716,2025-10-27 05:50:00
-20.3245,-145.6777,2025-10-27 07:00:36
44.3842,-83.638,2025-10-27 07:23:39
-29.2876,135.0107,2025-10-27 11:36:02
-47.6575,32.3069,2025-10-27 16:06:24
34.4675,179.158,2025-10-27 20:04:48
-18.1662,-43.4742,2025-10-28 00:02:54
46.0234,-2.7215,2025-10-28 01:58:59
50.0883,-10.9863,2025-10-28 03:34:48
-50.7252,161.3838,2025-10-28 04:22:00
-41.4509,-164.9667,2025-10-28 06:05:34
-20.0961,59.0087,2025-10-28 07:13:32
-14.7777,-158.763,2025-10-28 07:48:24
-32.6903,160.753,2025-10-28 09:14:56
44.1906,-49.5818,2025-10-28 09:56:22
-22.8368,-9.3942,2025-10-28 11:53:05
-14.7681,-39.7255,2025-10-28 13:23:11
-46.3648,1.2257,2025-10-28 13:35:42
24.6623,-93.3544,2025-10-28 14:42:52
5.7633,74.558,2025-10-28 17:12:24
21.7383,-137.8978,2025-10-28 17:49:37
9.2702,53.5067,2025-10-28 18:46:26
31.0026,-170.6677,2025-10-28 19:19:10
-9.8883,-161.4273,2025-10-28 21:05:54
-9.4837,127.4755,2025-10-29 01:44:22
29.2098,-118.1749,2025-10-29 07:16:14
12.0192,-29.6309,2025-10-29 10:54:28
10.3021,-99.1444,2025-10-29 15:33:38
-25.6081,-14.4624,2025-10-29 20:53:30
-27.3596,37.0235,2025-10-30 17:00:07
-17.9632,21.9078,2025-10-30 18:36:15
5.3098,-160.2918,2025-10-30 19:26:52
8.4511,173.8361,2025-10-30 20:58:41
-43.4911,-56.6224,2025-10-30 21:32:07
11.1557,148.2375,2025-10-30 22:30:39
-4.9386,-39.0366,2025-10-30 23:19:12
51.6135,-68.953,2025-10-31 07:28:23
16.5147,-164.924,2025-10-31 08:43:28
-30.2225,15.9571,2025-10-31 09:34:42
3.2974,-34.8411,2025-10-31 10:56:09
-51.2417,60.5463,2025-10-31 11:22:00
28.8291,135.4539,2025-10-31 13:26:22
38.2922,-114.9893,2025-10-31 13:49:29
-45.8274,38.2029,2025-10-31 14:32:22
31.3131,-129.3837,2025-10-31 15:25:07
49.8924,129.9632,2025-10-31 16:42:14
-7.0195,36.2819,2025-10-31 17:52:52
-10.2692,-143.1047,2025-10-31 18:44:57
-51.4845,-95.3005,2025-10-31 20:36:47
-45.0473,-149.4163,2025-10-31 22:03:57
39.1062,102.1369,2025-10-31 23:06:19
-17.751,-66.2935,2025-11-01 00:00:44
44.591,-53.1127,2025-11-01 03:28:43
-0.2637,-124.0846,2025-11-01 04:45:07
-48.8728,152.2277,2025-11-01 05:59:00
50.8705,-76.0012,2025-11-01 06:39:07
12.9636,-161.6759,2025-11-01 07:55:13
-7.9229,2.7849,2025-11-01 08:39:55
50.7532,-97.021,2025-11-01 09:49:15
-36.7995,108.6322,2025-11-01 10:43:48
26.9878,-71.5495,2025-11-01 11:33:54
30.7619,143.578,2025-11-01 12:40:00
-50.7815,-2.922,2025-11-01 13:36:53
-44.885,-49.3955,2025-11-01 15:05:20
-43.6223,-75.8968,2025-11-01 16:37:33
49.1639,108.8499,2025-11-01 17:27:22
-40.2602,-14.7766,2025-11-01 18:26:38
-42.7404,-43.0062,2025-11-01 19:58:21
42.6489,125.3934,2025-11-01 20:44:46
-43.1135,-147.7767,2025-11-01 21:15:52
27.571,-25.0112,2025-11-01 23:28:52
-13.2241,67.3265,2025-11-02 14:43:46
41.2239,-155.0452,2025-11-02 15:19:46
-7.5761,-133.0262,2025-11-02 17:09:52
-21.868,-145.3604,2025-11-02 18:47:34
-49.6807,-81.4064,2025-11-02 20:39:49
51.3163,74.6831,2025-11-02 21:24:06
48.1857,69.5667,2025-11-02 23:00:15
-26.822,-85.9508,2025-11-02 23:56:14
-49.0576,93.8326,2025-11-03 05:49:30
-21.0649,25.1569,2025-11-03 07:10:09
-4.4995,174.1715,2025-11-03 07:48:07
-25.2759,133.9683,2025-11-03 09:13:57
25.6486,173.935,2025-11-03 09:31:05
45.1664,178.7601,2025-11-03 11:11:59
-23.3394,-43.6155,2025-11-03 11:49:31
31.6409,-111.6718,2025-11-03 13:03:42
-49.8269,-20.5016,2025-11-03 13:34:28
-39.1614,-72.149,2025-11-03 15:01:16
34.7465,89.6601,2025-11-03 15:45:54
-43.4535,-87.7939,2025-11-03 16:36:06
-10.3484,4.736,2025-11-03 18:36:11
-50.0398,-113.7331,2025-11-03 19:46:07
-19.3,171.2734,2025-11-03 21:05:16
-47.1115,-112.5918,2025-11-03 23:00:20
-1.0779,110.3728,2025-11-04 00:04:54
-26.6241,-150.5105,2025-11-04 03:47:45
-16.5292,51.0201,2025-11-04 04:48:37
51.5897,-71.1717,2025-11-04 05:52:24
-47.9973,48.5445,2025-11-04 08:07:18
45.7312,-150.1483,2025-11-04 08:52:19
-47.269,-1.0939,2025-11-04 11:12:31
43.3496,165.6455,2025-11-04 16:50:13
-14.0516,149.5028,2025-11-04 21:49:12
-10.7875,-83.9372,2025-11-05 00:00:20
27.6179,-77.6444,2025-11-05 01:46:05
-29.4327,-170.9579,2025-11-05 04:32:27
-46.9809,135.8672,2025-11-05 05:57:33
34.8896,-32.7945,2025-11-05 06:49:36
-20.3903,-10.5351,2025-11-05 08:41:21
4.6147,145.5379,2025-11-05 09:22:33
-45.7458,0.5386,2025-11-05 10:24:27
3.0971,-75.3201,2025-11-05 11:39:14
51.5551,175.6191,2025-11-05 12:49:19
-46.6404,-67.7597,2025-11-05 15:03:33
16.9184,60.3864,2025-11-05 15:38:04
12.9908,33.7119,2025-11-05 17:09:36
-14.5256,-156.8907,2025-11-05 17:56:29
48.0684,111.1116,2025-11-06 15:03:43
-30.1071,-136.7248,2025-11-06 17:14:46
41.7249,47.8716,2025-11-06 18:05:56
-19.4342,-31.4551,2025-11-06 19:17:21
-9.3827,-47.2017,2025-11-06 20:53:35
-43.7491,173.0058,2025-11-06 21:59:03
-13.3476,-73.7746,2025-11-06 22:25:07
51.0795,-16.4345,2025-11-07 02:00:13
-18.1613,-171.9753,2025-11-07 04:34:55
16.2073,-2.1747,2025-11-07 05:21:56
-35.1394,-6.6343,2025-11-07 08:45:14
43.6127,175.734,2025-11-07 09:35:23
41.5143,147.9166,2025-11-07 11:07:14
30.1966,-133.0467,2025-11-07 13:01:17
30.5821,-157.0691,2025-11-07 14:33:59
-0.0126,12.7745,2025-11-07 17:03:46
32.3656,16.5067,2025-11-07 18:47:43
-31.2197,-176.6164,2025-11-07 19:33:41
-46.7053,-110.7597,2025-11-07 21:24:44
51.4329,8.7562,2025-11-07 23:39:23
19.7853,175.3037,2025-11-08 07:06:01
33.537,-60.0981,2025-11-08 07:34:14
-14.0712,126.5548,2025-11-08 08:27:38
-0.5006,-78.1978,2025-11-08 10:51:40
2.4252,91.3528,2025-11-08 11:38:47
28.4651,89.0229,2025-11-08 13:20:29
51.4773,144.7291,2025-11-08 13:33:06
-45.2246,-6.285,2025-11-08 14:26:56
-51.5977,-63.4135,2025-11-08 15:53:37
38.9087,150.8043,2025-11-08 16:49:10
-23.6038,-22.991,2025-11-08 17:41:28
-41.1744,-68.5542,2025-11-08 19:07:53
2.9982,-26.3139,2025-11-08 19:23:37
-47.5763,-164.7477,2025-11-08 20:27:11
29.8909,91.6722,2025-11-08 21:31:42
6.521,-70.9945,2025-11-08 22:30:32
-42.4216,-141.7307,2025-11-08 23:45:56
50.9306,-74.4296,2025-11-09 03:28:09
-43.7738,43.4759,2025-11-09 05:42:15
-8.2886,-19.5022,2025-11-09 07:01:51
-40.7984,-9.6032,2025-11-09 08:46:35
-1.2276,118.276,2025-11-09 09:18:06
41.3976,136.0758,2025-11-09 11:06:11
-51.6079,-11.0682,2025-11-09 12:01:11
45.3453,167.5237,2025-11-09 14:26:41
51.5989,107.0852,2025-11-09 15:52:52
-16.0131,-178.8531,2025-11-09 17:54:33
27.2635,-0.7075,2025-11-09 18:44:57
31.4549,95.903,2025-11-09 20:44:13
-50.8613,-164.677,2025-11-09 22:53:15
27.3964,53.0673,2025-11-09 23:51:27
-49.5499,156.2187,2025-11-10 02:00:26
-19.4216,-178.6415,2025-11-10 03:46:29
51.5325,-99.3762,2025-11-10 05:49:43
-14.3233,138.2664,2025-11-10 06:53:58
-13.5293,-33.202,2025-11-10 07:49:33
37.7743,-101.1562,2025-11-10 09:04:42
-36.5854,68.7614,2025-11-10 09:51:41
-44.6353,-42.9734,2025-11-10 11:07:17
3.2316,80.2237,2025-11-10 11:38:24
-50.661,-44.0166,2025-11-10 12:44:32
35.2104,-168.34,2025-11-10 13:44:21
40.9066,70.3633,2025-11-10 14:57:40
-29.7471,-136.7134,2025-11-10 15:39:35
31.6933,148.8187,2025-11-10 16:51:27
-44.3053,-138.1498,2025-11-10 17:18:35
-39.2302,-171.4874,2025-11-10 18:49:05
14.6239,-52.9768,2025-11-10 20:59:24
-19.5658,-101.971,2025-11-10 22:20:54
38.1119,-99.4585,2025-11-11 01:46:33
26.3955,-160.7903,2025-11-11 04:47:49
-47.87,98.2451,2025-11-11 05:53:25
-6.4055,-32.497,2025-11-11 07:00:16
-19.8278,92.6057,2025-11-11 09:10:54
-12.3931,-75.2774,2025-11-11 10:07:59
-29.6229,160.1096,2025-11-12 03:41:52
-49.4937,55.5739,2025-11-12 04:57:56
39.2954,-67.9467,2025-11-12 05:57:17
47.8607,-166.4261,2025-11-12 07:16:00
-0.9571,-53.9855,2025-11-12 07:44:22
43.4324,-122.8392,2025-11-12 09:01:07
-37.2651,32.5694,2025-11-12 11:23:14
-34.8074,-11.2353,2025-11-12 14:29:58
-48.7444,-160.113,2025-11-12 18:53:08
50.8511,21.6022,2025-11-12 21:18:49
-51.5913,-61.1418,2025-11-13 13:31:24
-15.2746,13.9229,2025-11-13 13:49:57
40.5927,154.2737,2025-11-13 14:26:54
-48.0113,-79.0402,2025-11-13 16:42:17
11.6003,137.7682,2025-11-13 17:43:16
-36.363,155.0098,2025-11-13 19:32:39
-44.7112,146.4179,2025-11-13 21:09:19
48.394,-6.6318,2025-11-13 23:39:51
-24.0517,-47.5856,2025-11-14 07:50:57
37.3791,-123.755,2025-11-14 09:02:38
-51.5831,-3.1981,2025-11-14 09:39:24
29.3072,78.6241,2025-11-14 11:45:03
-47.8599,-104.1873,2025-11-14 14:12:41
-32.2712,-19.6486,2025-11-14 14:29:44
-51.4784,-105.5291,2025-11-14 15:49:31
51.5866,65.6779,2025-11-14 16:36:27
9.8283,121.5115,2025-11-14 18:29:39
33.0498,-35.1013,2025-11-14 19:30:46
-34.3947,111.1953,2025-11-14 21:50:32
20.0171,-75.2905,2025-11-15 06:49:07
-47.8035,51.7208,2025-11-15 07:23:58
4.7263,-87.1704,2025-11-15 08:27:06
24.8676,103.7895,2025-11-15 09:23:31
43.6388,105.7997,2025-11-15 11:03:54
-26.3971,-110.1194,2025-11-15 11:43:18
-49.9989,-88.9593,2025-11-15 13:27:19
51.5355,101.7789,2025-11-15 14:17:36
-19.297,-24.491,2025-11-15 15:20:10
-36.3292,-66.0306,2025-11-15 16:46:47
-43.9931,-179.5983,2025-11-15 18:01:56
27.5036,-35.2192,2025-11-15 18:41:37
-50.177,177.6725,2025-11-15 19:38:57
-24.0865,106.0896,2025-11-15 20:59:38
9.9554,-97.2534,2025-11-15 21:41:19
6.9953,58.8156,2025-11-15 22:22:05
22.0464,-111.1707,2025-11-15 23:18:16
3.5133,-172.7118,2025-11-16 02:17:46
-17.0879,148.544,2025-11-16 03:43:48
10.1324,-37.8732,2025-11-16 04:32:29
19.2437,152.0247,2025-11-16 05:28:45
39.2159,150.7582,2025-11-16 07:09:03
-6.0484,-73.471,2025-11-16 07:43:32
48.6014,149.5971,2025-11-16 08:46:53
-12.9244,57.4167,2025-11-16 09:56:38
-23.2088,-107.0972,2025-11-16 10:55:03
13.0077,52.6587,2025-11-16 11:38:04
27.1086,41.207,2025-11-16 13:15:47
-41.4219,-155.202,2025-11-16 15:40:43
-50.8614,-147.9519,2025-11-16 17:19:49
-3.5724,-100.9161,2025-11-16 20:49:45
16.2648,34.2504,2025-11-16 23:04:44
44.8446,-121.3717,2025-11-17 01:46:00
50.0686,-90.5992,2025-11-17 03:28:36
30.2883,-73.0828,2025-11-17 05:11:14
-50.4535,51.6393,2025-11-17 05:47:29
14.4466,-82.3007,2025-11-17 06:49:38
50.8438,167.7279,2025-11-17 08:01:56
25.5914,-139.0422,2025-11-17 09:51:30
42.2531,91.4092,2025-11-17 11:01:51
40.5271,154.9065,2025-11-17 12:51:25
-39.9364,-35.8883,2025-11-17 13:38:09
-46.161,-138.5326,2025-11-17 14:55:59
36.6813,113.7635,2025-11-17 15:58:45
-47.6562,-100.889,2025-11-17 16:39:50
-37.9077,157.7832,2025-11-17 17:57:44
41.2629,159.6388,2025-11-18 12:03:54
-5.2332,-179.9526,2025-11-18 13:53:15
-33.1388,-179.0286,2025-11-18 15:35:47
-43.6919,174.2623,2025-11-18 17:13:11
-37.8736,-120.9334,2025-11-18 19:03:16
0.4061,-85.9937,2025-11-18 19:16:43
50.4298,-65.2175,2025-11-18 22:42:47
-9.33,-163.7671,2025-11-18 23:52:04
51.4921,-101.6752,2025-11-19 01:50:19
39.875,-166.4184,2025-11-19 03:14:59
31.2424,-85.6497,2025-11-19 05:09:23
-51.5097,29.184,2025-11-19 05:44:06
20.301,-98.5552,2025-11-19 06:46:08
5.9993,89.2217,2025-11-19 07:41:23
-5.7779,-102.7167,2025-11-19 08:27:40
-34.2195,-100.834,2025-11-19 10:10:27
45.44,87.0364,2025-11-19 11:01:57
-36.8839,-19.0367,2025-11-19 12:05:04
-2.6904,-175.7112,2025-11-19 13:05:12
51.4922,45.9606,2025-11-19 15:46:00
-4.9009,-60.1128,2025-11-19 16:54:55
-5.6163,115.5913,2025-11-19 17:44:43
48.6976,28.4226,2025-11-19 18:56:49
-10.8334,-111.6303,2025-11-19 19:58:39
-34.628,94.5199,2025-11-19 21:00:34
4.9969,-57.1325,2025-11-20 04:31:11
-28.6023,67.8848,2025-11-20 06:42:28
5.73,-104.8503,2025-11-20 07:36:39
20.384,-139.758,2025-11-20 09:04:35
-39.9686,-109.9673,2025-11-20 10:58:27
28.8538,20.0168,2025-11-20 13:13:23
-23.7598,-176.7717,2025-11-20 13:57:55
-29.4848,-74.6263,2025-11-20 15:59:15
-5.8307,121.5622,2025-11-20 16:58:34
4.6233,-94.7342,2025-11-20 19:17:35
32.7701,-93.8309,2025-11-20 21:00:14
25.1212,26.9235,2025-11-20 21:26:55
-21.9079,174.4397,2025-11-20 23:47:26
41.3531,-152.0125,2025-11-21 01:42:31
-12.2843,-38.954,2025-11-21 03:51:03
-30.0601,95.6417,2025-11-21 04:23:14
-3.1296,-69.2437,2025-11-21 05:20:55
-50.5209,4.2537,2025-11-21 07:18:38
-25.4292,-98.732,2025-11-21 08:34:16
10.6864,-149.9925,2025-11-21 09:55:05
-47.6377,-29.7943,2025-11-21 10:26:54
-10.7988,-158.1153,2025-11-21 11:35:05
-28.8123,-166.1637,2025-11-21 13:14:12
-4.0745,-24.2232,2025-11-21 13:49:35
-51.265,-137.6751,2025-11-21 14:59:07
51.573,42.0863,2025-11-21 15:47:31
-50.0461,-134.4577,2025-11-21 16:36:35
-47.1279,153.7028,2025-11-21 18:01:00
43.6543,-47.1008,2025-11-21 18:45:34
47.5229,-2.8708,2025-11-21 20:30:51
-22.3629,179.9012,2025-11-21 23:00:51
50.121,-96.6313,2025-11-21 23:28:32
-24.5086,0.7,2025-11-22 01:35:53
-14.837,-31.1221,2025-11-22 03:05:28
-17.4688,-52.6344,2025-11-22 04:39:15
38.9961,-125.6076,2025-11-22 05:52:35
4.1995,81.9599,2025-11-22 06:54:15
-50.0686,-46.7691,2025-11-22 07:59:24
27.883,-158.8039,2025-11-22 09:02:43
-43.1704,-12.2514,2025-11-22 09:42:57
-14.7991,-149.1943,2025-11-22 10:49:58
-46.8378,-177.7043,2025-11-22 15:41:27
-40.1589,-171.8164,2025-11-22 20:34:40
30.2445,62.9149,2025-11-23 17:32:47
4.3921,-100.8893,2025-11-23 18:31:03
-27.7761,-149.8863,2025-11-23 19:53:04
49.8182,-24.0971,2025-11-23 20:29:02
-21.7438,-167.7943,2025-11-23 21:28:07
-33.9817,155.8758,2025-11-23 22:56:32
8.612,-12.7929,2025-11-23 23:51:51
-48.7289,29.4638,2025-11-24 01:46:34
14.4198,124.8813,2025-11-24 03:51:47
-22.8128,73.2154,2025-11-24 05:12:14
43.2803,-145.3114,2025-11-24 05:50:34
-51.2615,-8.2751,2025-11-24 06:30:59
-47.3437,-69.9369,2025-11-24 07:57:12
11.8981,-156.8802,2025-11-24 09:08:09
-28.2748,-2.8699,2025-11-24 09:48:59
-36.8384,-138.7418,2025-11-24 10:57:52
32.8583,24.2114,2025-11-24 11:42:48
-42.6307,-70.2042,2025-11-24 12:48:57
51.1765,42.8676,2025-11-24 15:02:07
-51.6104,-158.0709,2025-11-24 15:47:01
46.264,42.1979,2025-11-24 16:39:16
51.5631,-64.479,2025-11-24 21:11:33
34.7044,174.0595,2025-11-25 01:39:36
-51.6115,-10.8946,2025-11-25 05:43:02
-50.5458,-19.6232,2025-11-25 07:18:28
46.9547,102.9215,2025-11-25 07:56:55
-28.6651,2.6134,2025-11-25 09:02:19
49.13,132.6172,2025-11-25 09:39:12
15.039,13.2171,2025-11-25 10:49:57
-7.7794,175.9675,2025-11-25 11:33:55
-30.4523,171.9183,2025-11-25 13:14:39
47.5128,67.9041,2025-11-25 14:19:04
-45.2951,172.0978,2025-11-25 14:53:57
-32.9982,-120.306,2025-11-25 16:45:11
-16.918,88.4926,2025-11-25 17:48:34
35.6984,20.8215,2025-11-25 19:03:27
-46.3013,168.965,2025-11-25 19:44:58
24.7372,9.4672,2025-11-25 20:40:26
44.4667,-116.1601,2025-11-25 21:51:35
2.9788,3.0424,2025-11-25 22:20:39
28.9573,-163.1618,2025-11-25 23:17:59
-2.9063,60.3295,2025-11-26 18:30:15
3.5272,-131.0461,2025-11-26 19:16:57
-47.8129,146.5594,2025-11-26 20:30:21
15.2121,-0.1064,2025-11-26 21:30:02
49.9806,-115.2002,2025-11-26 22:41:37
-17.2545,142.8439,2025-11-26 23:48:44
10.6625,68.8868,2025-11-27 06:09:35
-44.5728,-107.0504,2025-11-27 08:41:45
-9.5019,-170.9753,2025-11-27 10:01:22
-46.1028,-84.2575,2025-11-27 12:00:22
-47.3609,166.1649,2025-11-27 14:54:57
-50.4031,-172.1194,2025-11-27 16:35:47
-1.0977,41.3397,2025-11-27 19:15:58
49.0238,-113.9319,2025-11-27 21:54:12
49.841,52.4817,2025-11-28 13:30:26
45.3046,-25.5884,2025-11-28 14:53:36
-26.3275,114.51,2025-11-28 15:32:05
-10.129,77.3689,2025-11-28 16:59:26
-44.3119,168.1331,2025-11-28 18:59:12
29.455,-121.3099,2025-11-28 19:25:30
39.9188,-131.0292,2025-11-28 21:02:33
-30.0225,23.9104,2025-11-28 21:45:00
51.5456,-104.6757,2025-11-28 22:45:06
13.0375,153.3158,2025-11-28 23:58:28
24.0277,138.8693,2025-11-29 01:35:07
-6.7785,-90.3211,2025-11-29 03:48:34
46.4363,-170.7483,2025-11-29 05:01:48
-42.9339,5.8992,2025-11-29 05:50:07
-10.4476,-134.8447,2025-11-29 06:55:33
42.073,144.3603,2025-11-30 02:28:26
51.5799,160.4449,2025-11-30 04:08:57
48.257,113.2201,2025-11-30 05:37:41
-48.6671,-27.7088,2025-11-30 06:33:00
-47.4264,-46.8599,2025-11-30 08:06:46
31.2667,34.1677,2025-11-30 08:35:33
-34.0311,-177.9064,2025-11-30 10:55:53
-47.7773,-166.0576,2025-11-30 15:50:59
-8.6057,17.269,2025-11-30 20:04:18
1.5812,38.78,2025-12-01 06:05:49
-51.331,-62.2638,2025-12-01 07:16:14
46.783,129.2644,2025-12-01 08:06:57
28.523,13.4922,2025-12-01 09:20:45
-27.5793,-179.2684,2025-12-01 10:06:48
-50.8565,-128.1458,2025-12-01 11:55:44
4.6293,108.1584,2025-12-01 13:01:43
5.4201,-76.508,2025-12-01 13:51:31
-49.4744,150.8094,2025-12-01 14:55:43
50.7273,-33.6002,2025-12-01 15:43:30
28.473,17.6405,2025-12-01 17:32:15
51.6108,-66.8755,2025-12-01 18:51:38
3.0741,-172.6025,2025-12-01 20:02:18
44.2782,-53.0363,2025-12-01 20:31:27
-43.574,116.734,2025-12-01 21:18:16
-31.4654,111.7447,2025-12-01 22:56:16
30.8233,-79.3225,2025-12-01 23:42:56
-28.7454,-54.1118,2025-12-02 01:36:06
-50.8737,-29.456,2025-12-02 03:20:21
-28.371,-101.7129,2025-12-02 04:41:45
37.1492,53.5672,2025-12-02 07:04:30
-1.8958,165.9309,2025-12-02 09:11:24
24.1965,-8.4386,2025-12-02 10:05:24
42.9429,-30.8872,2025-12-02 13:18:37
18.8394,79.6833,2025-12-02 13:43:10
42.2923,27.9282,2025-12-02 15:07:05
-43.915,145.5182,2025-12-02 18:58:31
36.9761,-33.9832,2025-12-02 19:48:05
22.2891,-41.3058,2025-12-02 21:26:25
-50.4284,20.3927,2025-12-02 23:27:18
48.6473,-154.4436,2025-12-03 01:53:40
51.5065,161.9883,2025-12-03 03:23:02
36.7495,82.5258,2025-12-03 04:44:45
-13.9031,-132.1337,2025-12-03 05:22:55
-45.4161,-46.9031,2025-12-03 07:20:49
42.3363,57.3803,2025-12-03 12:47:28
-24.4518,-158.3376,2025-12-03 16:46:46
-44.1202,27.783,2025-12-03 21:03:20
-50.7218,-160.4206,2025-12-04 11:04:01
40.267,67.1313,2025-12-04 12:01:41
40.8522,-70.2285,2025-12-04 14:49:58
-42.3801,100.8516,2025-12-04 15:37:04
-51.3001,110.7586,2025-12-04 17:16:31
27.0083,-33.87,2025-12-04 19:51:18
-35.6499,124.3401,2025-12-04 20:34:30
21.8475,-52.6389,2025-12-04 21:26:00
50.3288,-160.1667,2025-12-04 22:40:11
7.7041,114.1168,2025-12-04 23:55:12
23.889,93.0884,2025-12-05 11:21:13
50.7223,17.6477,2025-12-05 12:41:16
51.0736,-8.9881,2025-12-05 14:13:37
42.4856,-84.8024,2025-12-05 15:36:50
-48.8744,101.0854,2025-12-05 16:26:58
40.835,-45.9356,2025-12-05 18:59:05
-44.2308,115.4203,2025-12-05 19:43:53
-36.3998,2.4904,2025-12-05 20:59:13
-43.5189,-8.8609,2025-12-05 22:35:16
-5.065,-73.6272,2025-12-05 23:53:57
-44.1636,21.1623,2025-12-06 01:55:27
18.7134,57.7354,2025-12-06 03:50:46
-40.4434,-18.6666,2025-12-06 05:02:59
26.8727,41.5105,2025-12-06 05:26:30
16.6877,8.8761,2025-12-06 06:55:50
-42.5176,-152.5606,2025-12-06 07:52:04
38.1929,106.0017,2025-12-06 08:56:09
-51.5711,-161.2505,2025-12-06 11:05:12
19.6527,-59.4927,2025-12-06 11:35:30
-49.632,-161.6001,2025-12-06 12:42:04
-50.8608,118.1799,2025-12-06 15:42:11
-12.3628,158.7617,2025-12-06 19:09:14
12.8457,-57.0013,2025-12-06 21:28:22
-4.6925,-115.1423,2025-12-07 02:12:48
4.7063,-145.4276,2025-12-07 03:42:35
25.7697,46.3871,2025-12-07 04:39:18
-48.5229,-56.38,2025-12-07 05:44:39
4.3261,167.6389,2025-12-07 06:48:28
51.6083,63.606,2025-12-07 07:59:40
12.261,-35.8162,2025-12-07 09:13:18
-51.5896,-150.2709,2025-12-07 10:19:14
22.3025,82.8381,2025-12-07 11:21:03
34.4709,46.3789,2025-12-07 12:49:29
-40.0613,-153.6642,2025-12-07 13:33:37
35.2864,21.7064,2025-12-07 14:22:03
18.7905,-125.0625,2025-12-07 15:27:01
24.6878,-13.7541,2025-12-07 17:31:44
11.9279,-26.7398,2025-12-07 19:08:58
-25.1133,130.4338,2025-12-07 19:50:55
8.8152,-48.0276,2025-12-07 20:42:53
-9.0513,-58.8187,2025-12-07 22:21:39
-37.018,-95.7286,2025-12-08 09:42:19
14.8433,95.0014,2025-12-08 10:36:46
-1.0092,-86.6533,2025-12-08 11:27:50
-39.9361,-147.485,2025-12-08 12:46:50
23.7269,40.3119,2025-12-08 13:39:28
26.9891,13.5869,2025-12-08 15:11:12
-51.6072,118.3133,2025-12-08 15:43:24
-41.7438,52.6427,2025-12-08 17:08:12
5.3219,-176.559,2025-12-08 17:41:25
-11.9089,147.4347,2025-12-08 19:08:36
2.5894,134.2867,2025-12-08 20:46:16
26.4354,-103.8735,2025-12-08 22:55:46
-41.3883,-42.4306,2025-12-08 23:19:32
-6.078,-37.0931,2025-12-09 07:33:33
-40.4981,-95.2741,2025-12-09 08:53:58
46.4281,59.8818,2025-12-09 09:37:25
34.4453,-50.0776,2025-12-09 10:53:13
-46.9089,-156.9365,2025-12-09 11:56:26
12.8475,55.3105,2025-12-09 12:56:19
48.0243,-70.1339,2025-12-09 14:05:30
-17.6698,54.165,2025-12-09 14:39:19
29.4023,-6.5398,2025-12-09 15:56:20
18.1459,-160.8571,2025-12-09 16:58:50
42.256,-155.8072,2025-12-09 18:40:55
-37.4915,4.3223,2025-12-09 19:25:13
46.0935,-127.9893,2025-12-09 22:00:36
-21.2452,-60.832,2025-12-09 22:24:55
44.8091,-26.2778,2025-12-10 10:10:56
48.8269,-61.0875,2025-12-10 13:19:11
-16.1406,179.7145,2025-12-10 16:00:32
-51.4029,90.6083,2025-12-10 17:16:39
44.5098,167.8014,2025-12-10 21:00:53
-49.9547,-29.1693,2025-12-10 23:23:49
-41.881,141.6433,2025-12-11 10:08:58
-50.5422,122.0224,2025-12-11 13:20:19
-13.616,15.7216,2025-12-11 16:09:53
50.9267,-114.0081,2025-12-11 17:13:01
12.5054,-26.8678,2025-12-11 17:34:07
8.0902,-47.1871,2025-12-11 19:08:27
12.2224,112.0465,2025-12-11 21:34:30
-41.3505,-71.7585,2025-12-12 00:04:33
-49.3088,-29.7988,2025-12-12 01:49:38
-17.3387,-4.0657,2025-12-12 03:36:11
-50.3253,-115.4116,2025-12-12 04:48:46
41.062,25.1057,2025-12-12 05:29:30
51.5093,50.379,2025-12-12 07:11:40
-51.6101,-146.5103,2025-12-12 07:57:15
50.5279,-105.0836,2025-12-13 15:38:33
-51.3695,61.9031,2025-12-13 18:01:38
-9.7171,-46.021,2025-12-13 19:13:16
-44.8549,-5.1834,2025-12-13 19:26:37
39.4357,-113.7205,2025-12-13 20:28:58
15.6082,103.0608,2025-12-13 21:34:34
-43.7868,-54.8523,2025-12-13 22:31:47
9.8953,-130.9162,2025-12-13 23:45:24
-49.4372,-89.1984,2025-12-14 04:54:10
40.7678,-10.6181,2025-12-14 07:01:08
25.2851,98.3846,2025-12-14 07:24:29
-11.3315,102.7837,2025-12-14 09:09:36
-21.2761,-113.3704,2025-12-14 09:45:13
19.6161,56.2595,2025-12-14 10:32:11
2.34,-119.1487,2025-12-14 11:25:58
-50.4547,92.2302,2025-12-14 14:05:01
48.1551,-110.4977,2025-12-14 14:49:28
-42.5178,125.7111,2025-12-14 15:48:25
25.1731,-43.1064,2025-12-14 16:41:43
-41.2376,104.5605,2025-12-14 17:21:53
-36.0357,-14.9892,2025-12-14 18:35:36
49.9093,-135.777,2025-12-14 19:35:58
27.7069,119.7983,2025-12-14 20:51:46
-14.749,-83.3994,2025-12-14 21:33:41
-12.9543,-108.3829,2025-12-14 23:05:56
-51.527,-29.4462,2025-12-14 23:25:36
-50.2735,-64.0697,2025-12-15 02:33:29
-41.6755,-147.5441,2025-12-15 03:55:13
46.4548,95.7694,2025-12-15 04:55:41
13.0362,114.7341,2025-12-15 06:41:40
19.6399,85.8486,2025-12-15 08:12:18
-12.6123,-123.9491,2025-12-15 10:34:01
-45.5984,148.314,2025-12-15 13:26:57
-21.4015,-1.1166,2025-12-15 16:10:20
-26.6546,-19.8425,2025-12-15 17:45:03
43.7762,-133.5162,2025-12-15 20:25:48
10.9752,64.3233,2025-12-15 23:04:44
-40.0888,-28.9964,2025-12-16 01:52:35
-38.0974,-49.3872,2025-12-16 03:26:18
-49.1388,-144.753,2025-12-16 04:45:24
19.7629,115.3544,2025-12-16 05:52:23
29.4965,82.5412,2025-12-16 07:21:48
-28.8513,-108.5755,2025-12-16 08:08:29
50.8595,-13.7579,2025-12-16 08:39:21
37.0187,-75.3883,2025-12-16 10:04:06
-2.686,61.3278,2025-12-16 10:38:27
10.4477,28.299,2025-12-16 12:06:58
-46.9754,126.841,2025-12-16 14:11:59
11.3595,165.0215,2025-12-16 16:06:22
-49.5926,46.0795,2025-12-16 18:48:39
-46.0178,35.2102,2025-12-16 20:24:01
-38.4744,26.8426,2025-12-16 22:00:31
37.3294,72.6717,2025-12-17 00:00:00
37.3294,72.6717,2025-12-17 00:00:00
37.3294,72.6717,2025-12-17 00:00:00
37.3294,72.6717,2025-12-17 00:00:00
37.3294,72.6717,2025-12-17 00:00:00
37.3294,72.6717,2025-12-17 00:00:00
37.3294,72.6717,2025-12-17 00:00:00
37.3294,72.6717,2025-12-17 00:00:00
37.3294,72.6717,2025-12-17 00:00:00
-48.6779,77.7352,2025-12-17 13:15:11
-15.7977,174.8109,2025-12-17 13:37:28
-35.9313,130.9704,2025-12-17 15:03:04
36.5908,-61.7439,2025-12-17 15:49:13
51.5859,-134.3312,2025-12-17 17:12:02
33.3714,144.171,2025-12-17 18:32:48
37.0833,-80.0274,2025-12-18 16:34:49
-40.8925,58.4493,2025-12-18 18:52:30
51.6093,-177.17,2025-12-18 19:30:25
18.4851,88.2537,2025-12-18 20:46:08
46.7205,103.6702,2025-12-18 22:30:26
-43.232,-158.478,2025-12-19 08:47:09
-41.7752,95.1145,2025-12-19 10:04:17
-46.5664,82.6336,2025-12-19 11:39:39
21.1613,-32.9773,2025-12-19 14:20:47
-23.2522,-22.5939,2025-12-19 16:08:31
45.6339,177.4637,2025-12-19 17:04:08
-51.5639,16.7683,2025-12-19 17:56:16
51.0799,-161.1296,2025-12-19 18:45:02
-34.3097,-81.597,2025-12-19 20:51:10
50.9772,129.3276,2025-12-19 21:47:00
0.9529,33.9607,2025-12-19 22:58:56
-31.8202,-131.8313,2025-12-19 23:55:56
-40.6029,-53.0054,2025-12-20 01:49:52
5.8923,-33.312,2025-12-20 03:39:09
-16.1076,142.5669,2025-12-20 04:28:57
21.1776,91.0254,2025-12-20 05:49:23
51.49,-5.7323,2025-12-20 07:05:16
25.7441,63.2496,2025-12-20 07:20:39
-27.8908,82.2949,2025-12-20 09:11:39
20.8262,-116.1291,2025-12-20 09:55:36
-51.4464,114.4247,2025-12-20 10:57:17
-34.3793,151.101,2025-12-20 12:42:29
11.461,165.5859,2025-12-20 14:31:01
3.172,112.3598,2025-12-20 17:34:00
30.4044,111.579,2025-12-20 19:16:11
23.0421,-170.2056,2025-12-20 22:50:13
-42.1058,-73.3482,2025-12-21 02:34:57
-15.8389,-66.731,2025-12-21 04:17:43
-34.4201,-108.5293,2025-12-21 05:43:56
20.4617,50.4776,2025-12-21 08:08:16
37.0565,-92.4204,2025-12-21 09:14:31
33.3155,-9.7258,2025-12-21 11:09:21
6.2552,14.2815,2025-12-21 11:18:45
44.4731,-149.7555,2025-12-21 13:56:28
-14.243,-41.6512,2025-12-21 16:04:07
-51.5512,35.6824,2025-12-21 16:23:14
33.6556,-104.5375,2025-12-21 17:20:39
30.2732,117.4647,2025-12-21 18:29:02
27.0436,90.4761,2025-12-21 20:00:43
-49.0454,-15.6677,2025-12-21 21:05:13
15.0753,56.3984,2025-12-21 21:29:26
-24.511,-150.9617,2025-12-21 23:51:56
-8.6655,125.3731,2025-12-22 04:25:07
38.7774,-36.5884,2025-12-22 05:22:24
-31.2365,121.5677,2025-12-22 06:05:49
33.1196,43.7445,2025-12-22 07:16:35
-14.4919,82.5643,2025-12-22 07:32:47
37.0067,-110.0567,2025-12-22 10:00:14
-43.2529,148.7758,2025-12-22 11:04:26
38.0171,-132.1568,2025-12-22 11:33:31
49.1688,-83.9794,2025-12-22 13:20:07
21.0975,-62.0237,2025-12-22 15:05:13
-50.0817,32.4566,2025-12-22 17:11:26
3.8868,101.3382,2025-12-22 17:32:52
-25.2257,55.2242,2025-12-22 18:55:57
6.7721,-121.6412,2025-12-22 19:48:37
39.8921,89.2563,2025-12-22 20:51:28
-15.9094,16.0776,2025-12-22 22:04:53
40.8916,43.7983,2025-12-22 23:57:37
49.9157,83.5987,2025-12-23 01:42:19
8.93,118.8018,2025-12-23 03:32:11
-36.8672,111.1841,2025-12-23 06:53:44
13.9172,44.2628,2025-12-23 08:09:06
14.9227,-150.0594,2025-12-23 10:37:58
-13.0461,165.9302,2025-12-23 12:01:34
22.3169,-33.4571,2025-12-23 12:44:48
38.5623,-75.6901,2025-12-23 14:11:33
-46.0888,6.4264,2025-12-23 19:32:55
8.1826,7.4094,2025-12-24 10:29:33
20.4873,-163.0614,2025-12-24 11:25:33
29.894,-58.4353,2025-12-24 13:27:47
-10.8682,126.4272,2025-12-24 14:20:50
-48.8959,50.2853,2025-12-24 15:38:11
-51.1692,12.7301,2025-12-24 17:08:33
46.0359,137.933,2025-12-24 17:47:19
-35.4523,-97.1046,2025-12-24 20:01:42
-30.5303,14.6712,2025-12-24 20:25:25
-51.5678,-70.9082,2025-12-24 21:44:57
48.3027,74.331,2025-12-24 22:27:20
49.8411,57.4931,2025-12-25 00:01:26
-51.6064,-139.7042,2025-12-25 02:23:51
10.1305,106.414,2025-12-25 03:30:18
-27.1332,111.7266,2025-12-25 05:15:41
27.8639,-79.3361,2025-12-25 06:02:24
-23.3621,-143.3168,2025-12-25 07:17:59
21.5764,-79.2175,2025-12-26 05:12:58
46.2578,-91.3575,2025-12-26 08:28:46
-40.8174,130.4996,2025-12-26 11:02:35
46.5119,174.9831,2025-12-26 14:40:19
-50.7874,28.3599,2025-12-26 15:34:44
23.7634,93.9801,2025-12-26 17:36:32
-50.8702,-66.6982,2025-12-26 21:46:01
-35.7232,-155.408,2025-12-26 23:05:56
33.9153,-131.1494,2025-12-27 09:08:46
-0.4421,8.1608,2025-12-27 09:43:36
22.4292,-32.926,2025-12-27 11:08:47
-33.9367,123.2068,2025-12-27 11:51:03
25.9563,-59.8029,2025-12-27 12:40:24
51.2558,-138.2846,2025-12-27 14:00:16
51.3453,173.3497,2025-12-27 17:05:46
-39.8555,20.2538,2025-12-27 18:00:01
18.588,48.3494,2025-12-27 19:53:12
28.151,156.428,2025-12-27 21:56:42
-19.2965,169.9593,2025-12-27 23:45:32
-24.1606,-173.0471,2025-12-28 08:01:41
10.4812,-17.2227,2025-12-28 10:25:34
51.5694,-120.4126,2025-12-28 11:38:10
30.4337,-81.9645,2025-12-28 13:24:21
-45.7203,37.7265,2025-12-28 15:37:01
-23.7327,-85.6956,2025-12-28 16:48:24
51.1705,157.9914,2025-12-28 17:51:42
51.3984,107.8511,2025-12-28 20:56:54
-38.3245,-41.9892,2025-12-28 21:51:56
47.1381,107.4893,2025-12-28 22:33:57
51.4718,59.3776,2025-12-29 00:02:22
-41.7862,-118.6848,2025-12-29 02:28:57
49.9415,-59.2696,2025-12-29 06:09:38
-34.7617,3.1065,2025-12-29 11:26:37
17.1297,-110.6578,2025-12-29 15:47:25
44.3662,69.6971,2025-12-29 20:01:31
-45.2551,27.2934,2025-12-30 15:36:20
-5.0832,25.2634,2025-12-30 18:57:14
41.5293,156.3139,2025-12-30 19:30:26
-22.1676,166.8067,2025-12-30 22:58:35
-42.1177,-83.8371,2025-12-30 23:22:27
49.7416,-72.0976,2025-12-31 06:09:02
-43.6031,131.459,2025-12-31 08:39:09
22.3338,146.2786,2025-12-31 12:08:19
-13.469,95.7701,2025-12-31 13:29:18
23.5015,-127.9738,2025-12-31 15:45:11
-15.0887,-145.9875,2025-12-31 19:03:54
8.1977,149.8711,2025-12-31 22:01:59
33.7019,-7.129,2025-12-31 23:02:47
45.6618,-33.4357,2026-01-01 02:13:57
50.4539,-7.1024,2026-01-01 03:55:44
-29.7109,-154.8157,2026-01-01 04:52:40
-51.6086,120.8022,2026-01-01 06:12:18
-30.4849,157.1186,2026-01-01 07:58:11
-38.4509,26.0105,2026-01-01 09:08:34
46.7605,-86.0478,2026-01-01 10:10:16
-24.6891,-13.8868,2026-01-01 10:36:14
37.6319,145.747,2026-01-01 13:00:28
9.2584,94.4871,2026-01-01 14:23:15
-1.4543,63.2036,2026-01-01 15:52:37
-8.6656,-121.3553,2026-01-01 16:42:23
-1.7706,39.3709,2026-01-01 17:25:25
-19.3554,2.4981,2026-01-01 18:52:27
51.1247,111.3661,2026-01-01 19:23:49
51.1845,87.1163,2026-01-01 20:56:36
33.2223,109.6606,2026-01-01 22:39:40
13.4318,81.0156,2026-01-02 01:52:28
-38.8989,103.4193,2026-01-02 03:43:35
-49.2255,105.3712,2026-01-02 05:22:07
14.7756,-137.4193,2026-01-02 05:54:05
-39.3306,56.899,2026-01-02 06:49:34
-17.4402,128.0001,2026-01-02 10:22:06
23.5145,-139.8353,2026-01-02 15:45:07
-26.7449,-45.5487,2026-01-02 21:09:10
-41.3076,-135.4979,2026-01-03 01:42:06
20.7502,33.7574,2026-01-03 04:09:16
-49.7539,153.3053,2026-01-03 04:42:52
50.2657,-41.3535,2026-01-03 05:28:45
-0.433,-166.2658,2026-01-03 06:35:27
-12.635,161.2654,2026-01-03 08:04:19
-13.8628,-11.2562,2026-01-03 08:59:30
-39.9688,-174.461,2026-01-04 04:01:58
43.1353,-59.4094,2026-01-04 07:52:41
38.7736,-75.1173,2026-01-04 09:27:34
-35.7577,-31.0646,2026-01-04 11:26:37
-47.9597,25.0992,2026-01-04 13:15:08
0.1168,58.3741,2026-01-04 15:06:28
-29.5269,-156.6145,2026-01-04 19:08:42
-31.8338,-62.8279,2026-01-04 21:07:07
-1.7035,-60.9509,2026-01-04 22:50:21
8.2592,-133.5135,2026-01-05 15:03:33
0.2422,-151.3815,2026-01-05 16:39:05
26.7879,14.6497,2026-01-05 19:07:35
47.7103,105.6431,2026-01-05 19:26:43
45.7004,88.0206,2026-01-05 21:00:50
-11.307,-85.6146,2026-01-05 23:33:30
-12.0865,75.9012,2026-01-06 02:00:32
-45.9479,161.1153,2026-01-06 03:58:46
49.6838,-107.8802,2026-01-06 06:08:32
-16.3055,152.4934,2026-01-06 07:16:18
23.2331,-177.5763,2026-01-06 07:29:29
32.2417,168.0854,2026-01-06 09:05:39
-51.6127,9.6643,2026-01-06 11:37:10
-19.7932,55.204,2026-01-06 13:26:41
-10.9804,-113.7799,2026-01-06 14:23:19
22.8546,40.4437,2026-01-06 16:46:43
-36.4448,-33.3016,2026-01-06 17:59:15
-19.1852,-133.1337,2026-01-07 01:50:02
50.9146,-46.0257,2026-01-07 03:54:34
41.7737,-124.7311,2026-01-07 05:17:12
24.8655,-17.1717,2026-01-07 05:40:14
-21.1627,-5.3079,2026-01-07 07:28:36
41.6124,116.9341,2026-01-07 13:01:35
-27.9711,6.3165,2026-01-07 15:42:59
24.8931,1.0205,2026-01-07 19:06:37
50.7728,5.0794,2026-01-07 22:24:57
51.2762,103.7289,2026-01-08 17:03:20
38.8979,119.4636,2026-01-08 18:44:16
-51.128,-130.4204,2026-01-08 19:19:34
18.0177,118.6901,2026-01-08 20:24:54
48.927,47.9844,2026-01-08 21:44:40
5.9755,-79.067,2026-01-08 22:52:16
21.3399,151.262,2026-01-09 08:14:46
18.5321,-117.7888,2026-01-09 11:53:38
50.6736,134.1812,2026-01-09 13:07:06
-51.5288,-71.3606,2026-01-09 15:28:09
49.6468,33.6116,2026-01-09 19:17:33
27.7836,92.1349,2026-01-09 21:07:44
51.3698,52.5886,2026-01-10 18:33:10
13.5114,-38.0392,2026-01-10 19:48:34
-50.8327,-168.4984,2026-01-10 20:51:34
18.9525,82.5487,2026-01-10 21:57:03
36.4187,-62.5442,2026-01-10 23:02:33
1.8589,24.5955,2026-01-11 02:41:26
37.1142,-31.2204,2026-01-11 04:01:56
-3.4169,168.066,2026-01-11 05:00:18
-43.214,22.8043,2026-01-11 06:03:33
-50.2492,-1.4112,2026-01-11 09:13:58
-46.0545,-41.216,2026-01-11 10:43:44
-36.7014,-4.0732,2026-01-11 14:05:57
-33.2168,-46.6869,2026-01-11 17:13:06
-46.8199,-95.0459,2026-01-11 18:39:45
29.898,78.1521,2026-01-11 21:06:30
45.1286,-40.6633,2026-01-11 22:19:51
-51.2196,125.136,2026-01-12 02:20:10
4.8501,179.8719,2026-01-12 04:16:20
16.541,-27.5749,2026-01-12 04:55:37
31.8522,179.534,2026-01-12 05:58:31
-28.4368,106.2606,2026-01-12 07:10:52
47.254,-176.3391,2026-01-12 07:38:25
-29.0909,81.9678,2026-01-12 08:43:31
-1.5644,-85.0691,2026-01-12 09:40:18
32.2367,109.1722,2026-01-12 10:37:20
-35.0699,27.6992,2026-01-12 11:47:01
-47.6115,-20.8054,2026-01-12 13:13:53
-14.4315,-146.4451,2026-01-12 14:23:14
-25.6182,-8.9411,2026-01-12 14:56:19
-49.2485,-118.6993,2026-01-12 16:10:45
-19.654,-27.1841,2026-01-12 16:31:17
35.3119,101.1762,2026-01-12 18:44:50
51.1207,14.2021,2026-01-12 20:05:03
-43.5762,153.4645,2026-01-12 20:45:55
-11.3766,-115.0486,2026-01-12 22:45:37
-51.557,-63.4875,2026-01-13 13:55:35
18.8957,171.2086,2026-01-13 14:58:19
50.5608,62.6706,2026-01-13 16:11:45
40.5176,8.8695,2026-01-13 17:38:25
5.1511,87.261,2026-01-13 21:14:27
-47.2609,145.3728,2026-01-13 21:34:08
-44.4171,114.0838,2026-01-13 23:05:23
-13.6227,-134.4215,2026-01-13 23:31:02
-32.7409,42.5079,2026-01-14 10:14:29
-10.5816,39.0447,2026-01-14 11:55:08
-38.1773,-12.053,2026-01-14 13:18:05
-3.9835,170.5033,2026-01-14 15:52:05
50.4808,75.4855,2026-01-14 17:03:05
-51.093,-166.0146,2026-01-14 19:18:02
27.6265,-72.8309,2026-01-14 21:25:16
-21.1888,65.738,2026-01-14 23:42:17
-4.2783,-18.1158,2026-01-15 04:15:15
6.9655,151.9979,2026-01-15 05:02:39
-6.4551,-40.1577,2026-01-15 05:48:51
35.1735,-99.1983,2026-01-15 07:07:24
-39.2144,-55.2252,2026-01-15 09:06:24
17.5772,89.2657,2026-01-15 09:44:50
-50.7914,-44.7355,2026-01-15 10:46:24
21.3863,45.2672,2026-01-15 12:51:55
20.1064,20.5597,2026-01-15 14:24:21
34.1884,96.8568,2026-01-15 17:57:59
-31.3546,-91.5434,2026-01-15 18:45:35
44.873,-41.143,2026-01-15 20:45:42
-51.6131,163.033,2026-01-15 21:38:47
-32.4164,82.9702,2026-01-15 22:59:36
7.233,63.7233,2026-01-16 10:27:30
-37.988,0.1265,2026-01-16 11:44:40
-50.6404,-81.9491,2026-01-16 14:42:59
-48.1162,-170.2967,2026-01-16 17:41:35
-6.5724,-87.7495,2026-01-16 19:40:15
-9.8363,68.619,2026-01-16 22:04:55
-49.4022,143.5162,2026-01-17 00:01:33
48.7089,-92.4748,2026-01-17 03:54:15
-51.1126,40.8513,2026-01-17 04:34:43
51.0777,-129.8432,2026-01-17 05:24:40
17.5167,124.7164,2026-01-17 06:38:24
-31.9197,61.3211,2026-01-17 07:54:32
-27.172,-82.0182,2026-01-17 09:01:03
51.1414,158.6968,2026-01-17 10:03:12
-50.2141,-60.3942,2026-01-17 10:45:03
24.4984,-169.9438,2026-01-17 11:49:21
49.4887,80.3369,2026-01-17 13:03:39
-50.2777,-73.5771,2026-01-17 13:56:38
3.7093,159.2833,2026-01-17 15:02:08
-44.7432,-101.0498,2026-01-17 17:06:16
47.2814,60.1856,2026-01-17 17:51:10
-24.1097,-95.8161,2026-01-17 18:47:32
51.4538,1.1262,2026-01-17 19:17:49
6.1753,-119.9138,2026-01-17 22:03:26
-49.0699,105.0083,2026-01-17 23:07:03
11.7291,-139.4344,2026-01-17 23:38:09
-24.6976,122.0174,2026-01-18 04:04:37
-11.6623,-42.0792,2026-01-18 05:03:09
47.4751,172.8313,2026-01-18 06:03:50
-3.6562,-71.5165,2026-01-18 06:33:22
-1.1347,-96.9097,2026-01-18 08:05:25
-51.0246,-2.3924,2026-01-18 08:30:13
40.2296,-159.7593,2026-01-18 09:23:36
-10.3219,39.4325,2026-01-18 10:21:02
-17.0104,-12.9331,2026-01-18 13:24:33
48.9432,13.0394,2026-01-18 16:55:02
10.6644,112.9866,2026-01-18 17:18:47
-40.1669,-156.6911,2026-01-18 21:00:18
50.1489,-75.4396,2026-01-18 23:07:38
30.9694,-46.6405,2026-01-19 02:29:00
50.998,-163.7433,2026-01-19 05:20:12
-32.8333,-40.2809,2026-01-19 05:56:39
1.6477,-92.9192,2026-01-19 07:17:40
-43.8157,-46.354,2026-01-19 07:34:16
-11.5147,-107.0351,2026-01-19 08:54:54
50.6273,122.4416,2026-01-19 09:58:19
-51.611,-54.1136,2026-01-19 10:47:22
6.8973,-167.4781,2026-01-19 11:54:34
51.1166,100.07,2026-01-19 13:08:16
34.2378,-20.991,2026-01-20 00:08:02
44.6953,177.0411,2026-01-20 04:28:33
-12.5649,-53.0668,2026-01-20 05:02:39
-14.3988,-75.2603,2026-01-20 06:36:09
12.6974,-118.5965,2026-01-20 08:00:02
18.8328,72.8803,2026-01-20 08:57:01
-51.609,-47.923,2026-01-20 10:00:33
-49.6233,-52.0833,2026-01-20 11:36:47
-47.7111,-67.9428,2026-01-20 13:11:08
41.4612,5.044,2026-01-20 15:17:05
-34.3812,138.8068,2026-01-20 17:33:24
-42.8676,128.788,2026-01-20 19:09:55
-6.5543,66.4808,2026-01-20 20:29:23
48.0919,-96.3368,2026-01-20 23:05:04
-23.8632,-37.724,2026-01-21 04:19:37
27.5239,-125.414,2026-01-21 07:08:01
-44.8217,-55.6771,2026-01-21 07:33:54
-8.532,-120.8866,2026-01-21 08:53:01
10.6423,-158.2642,2026-01-21 10:19:33
20.1035,32.7357,2026-01-21 11:16:17
34.7821,24.3094,2026-01-21 12:54:28
-19.3537,153.1155,2026-01-21 15:08:08
9.2154,-46.6074,2026-01-21 15:51:14
7.9738,85.6973,2026-01-21 18:04:47
45.4311,18.5451,2026-01-21 19:23:26
-51.5718,154.8744,2026-01-21 20:04:04
30.6925,18.8144,2026-01-21 21:02:40
35.7626,-11.0302,2026-01-21 22:33:35
15.0121,-14.0003,2026-01-22 00:13:55
-49.5676,36.795,2026-01-22 02:11:28
-51.613,33.9602,2026-01-22 03:47:55
-43.761,49.0922,2026-01-22 05:28:02
13.2538,-130.6398,2026-01-22 07:58:51
14.9826,58.1579,2026-01-22 08:54:43
5.6812,33.6267,2026-01-23 09:37:30
-6.4348,178.7904,2026-01-23 11:56:58
39.7592,-3.563,2026-01-23 14:28:19
-1.6609,104.5819,2026-01-23 16:34:00
4.1318,-109.0813,2026-01-23 18:54:12
18.5113,18.7908,2026-01-23 21:05:53
16.5063,-3.1778,2026-01-23 22:39:26
-2.859,-36.1647,2026-01-24 01:51:35
-44.4528,-14.9414,2026-01-24 03:39:53
-26.4814,-64.4213,2026-01-24 05:05:20
38.4646,118.356,2026-01-24 05:56:25
-47.3668,4.3916,2026-01-24 06:57:44
-10.212,-125.2417,2026-01-24 08:05:29
29.7894,59.9855,2026-01-24 08:58:45
-43.7457,-33.2613,2026-01-24 10:05:31
18.2942,166.578,2026-01-24 11:01:44
23.3805,6.4316,2026-01-24 12:02:11
-1.5011,134.0797,2026-01-24 14:14:03
13.3262,-49.1095,2026-01-24 15:04:29
-12.3629,118.3762,2026-01-24 15:50:31
50.8817,-10.7972,2026-01-24 16:54:00
34.4691,32.3007,2026-01-24 18:40:14
16.454,-117.4585,2026-01-24 19:44:08
-41.4404,166.1936,2026-01-24 20:56:40
20.7844,-0.7141,2026-01-24 21:50:56
-4.3936,-5.4565,2026-01-24 23:32:11
-16.3867,-136.3502,2026-01-25 18:48:56
-26.8229,65.2544,2026-01-25 19:49:51
2.4286,-146.1579,2026-01-25 20:28:07
48.1511,-60.773,2026-01-25 22:28:06
41.507,134.7575,2026-01-26 04:26:56
-16.1734,-85.855,2026-01-26 05:03:51
46.87,123.6611,2026-01-26 06:02:41
-51.4668,-31.7088,2026-01-26 06:55:40
37.1592,-178.6038,2026-01-26 07:51:20
34.234,52.7802,2026-01-26 09:02:44
-17.2086,-13.2122,2026-01-26 10:18:09
8.189,161.8918,2026-01-26 11:07:33
-51.3334,-124.0424,2026-01-26 13:07:49
-46.2297,171.8858,2026-01-26 14:33:32
43.2506,-50.7452,2026-01-26 16:51:22
-49.1192,134.5895,2026-01-26 17:41:24
17.3696,36.7723,2026-01-26 18:49:13
49.1381,-80.7504,2026-01-26 20:00:49
-31.986,167.3299,2026-01-26 21:03:33
-22.4465,19.5972,2026-01-26 22:08:27
-33.669,141.6763,2026-01-26 22:35:51
-2.4857,-19.4476,2026-01-26 23:34:41
51.3628,-159.883,2026-01-27 02:15:18
-4.1987,-89.086,2026-01-27 04:14:05
-26.3925,-94.8099,2026-01-27 05:54:36
17.9612,65.8451,2026-01-27 06:38:11
1.1991,29.7098,2026-01-27 08:05:33
-51.5032,-83.7053,2026-01-27 09:14:02
51.1143,99.6955,2026-01-27 10:03:01
-34.8815,-48.8322,2026-01-27 10:58:58
33.1792,121.54,2026-01-27 11:46:00
47.6123,13.6189,2026-01-27 13:02:08
-29.0495,-89.216,2026-01-27 14:07:05
44.0759,56.6047,2026-01-27 14:47:12
51.5096,-9.8355,2026-01-27 16:12:17
-21.9507,-129.6119,2026-01-27 17:15:31
28.7363,-89.5871,2026-01-27 17:32:36
-29.1801,-160.2142,2026-01-27 18:45:53
-21.7639,48.3175,2026-01-27 19:49:30
36.6684,-24.7734,2026-01-27 21:02:19
-47.5261,39.8,2026-01-27 23:06:16
12.6498,-71.9201,2026-01-28 01:49:47
-7.5857,76.3835,2026-01-28 04:10:59
-51.5484,-22.1959,2026-01-28 05:23:48
3.341,60.5569,2026-01-28 05:47:32
-17.1426,21.8683,2026-01-28 07:13:41
41.6464,75.5656,2026-01-28 07:34:18
50.7121,81.2023,2026-01-28 09:13:09
-51.5289,-101.0015,2026-01-28 10:01:19
51.0089,82.812,2026-01-28 10:50:21
-45.1869,-84.9247,2026-01-28 11:41:29
-30.1312,156.6774,2026-01-28 12:54:55
-47.2205,162.6198,2026-01-28 14:35:32
13.3389,51.3597,2026-01-28 17:19:01
-44.346,107.6585,2026-01-28 17:39:47
-38.6285,73.2486,2026-01-28 19:10:04
42.1211,72.1163,2026-01-29 13:16:34
46.0517,15.8769,2026-01-29 16:20:25
-47.3106,-179.6751,2026-01-29 17:06:13
28.3387,-3.3105,2026-01-29 19:33:54
15.2477,-15.2655,2026-01-29 21:11:25
-15.2959,-63.7169,2026-01-30 02:00:24
39.0012,-158.5819,2026-01-30 04:47:25
2.9607,-147.8946,2026-01-30 06:33:10
9.9978,29.5619,2026-01-30 07:24:01
-43.851,-123.9388,2026-01-30 08:23:10
49.9936,64.394,2026-01-30 09:13:40
-8.7252,-31.1191,2026-01-30 10:23:43
-22.6766,160.743,2026-01-30 11:20:36
39.0629,59.6061,2026-01-30 14:05:03
48.1486,-38.2346,2026-01-30 15:23:56
-28.4659,95.4682,2026-01-30 16:01:30
39.5577,-82.0216,2026-01-30 16:52:22
-36.0543,80.8947,2026-01-30 17:37:21
44.006,-44.197,2026-01-30 20:14:32
-8.4873,163.724,2026-01-30 21:14:25
-3.7279,-19.3355,2026-01-30 22:04:49
-49.168,84.6374,2026-01-30 22:30:49
-26.7353,-24.3836,2026-01-30 23:45:36
41.5823,139.8253,2026-01-31 02:10:57
11.5808,-124.8252,2026-01-31 04:11:32
-27.948,5.6433,2026-01-31 06:25:24
51.4547,106.3723,2026-01-31 06:57:04
-42.4344,-38.0395,2026-01-31 07:52:29
49.8891,107.6286,2026-01-31 08:34:15
51.2467,56.0919,2026-01-31 10:02:27
-32.5977,-70.3556,2026-01-31 11:02:30
-50.5546,-65.2733,2026-02-01 05:23:12
27.7676,32.4614,2026-02-01 07:31:22
-32.6236,-177.5921,2026-02-01 09:52:32
-23.798,125.9695,2026-02-01 12:55:11
27.1562,62.2965,2026-02-01 14:10:55
2.1567,-129.9859,2026-02-01 16:40:20
39.2622,-23.7449,2026-02-01 18:45:03
48.6418,-119.3918,2026-02-01 20:04:22
51.0794,-152.5667,2026-02-01 23:12:46
37.2328,32.3443,2026-02-02 14:54:08
-42.7753,85.6221,2026-02-02 16:55:40
-20.6301,34.4125,2026-02-02 18:19:58
-36.2095,154.734,2026-02-02 18:47:00
4.4708,119.302,2026-02-02 23:39:56
19.9669,83.927,2026-02-03 02:51:00
-38.7148,-110.5672,2026-02-03 05:17:21
-51.1579,-95.9214,2026-02-03 06:58:13
-44.5814,-146.5964,2026-02-03 08:25:59
-45.0971,-73.9891,2026-02-03 08:39:24
-39.1245,155.6145,2026-02-03 11:29:17
-14.4039,82.3092,2026-02-03 14:26:04
30.6858,-0.8314,2026-02-03 17:16:41
-47.3446,90.7506,2026-02-03 21:01:35
-30.9617,172.7633,2026-02-04 17:17:14
34.5453,-46.9622,2026-02-04 19:35:10
-51.5592,70.4875,2026-02-04 20:10:59
-16.403,115.4982,2026-02-04 22:01:11
35.5116,135.2806,2026-02-04 23:51:54
-44.932,-63.4215,2026-02-05 02:15:31
-5.1505,-154.9847,2026-02-05 05:06:27
43.4636,54.1667,2026-02-05 06:07:08
49.0074,46.7655,2026-02-05 07:43:25
-0.4061,154.4055,2026-02-05 08:10:45
44.0849,84.4839,2026-02-05 09:27:26
-50.5375,-130.3101,2026-02-05 10:09:26
-19.9658,-99.9878,2026-02-05 11:56:25
-40.392,121.9815,2026-02-05 13:03:52
47.3945,-77.285,2026-02-05 15:26:57
-35.4076,173.0478,2026-02-05 16:29:34
3.4604,9.9596,2026-02-05 17:27:06
26.6624,-158.2649,2026-02-05 18:23:49
-48.635,97.6497,2026-02-05 19:28:50
42.3024,-160.7748,2026-02-05 20:03:00
-18.8499,119.2503,2026-02-05 21:14:25
46.6832,162.434,2026-02-05 23:11:11
-24.8171,-62.6867,2026-02-05 23:48:22
47.8754,174.2055,2026-02-06 02:27:32
50.562,84.4277,2026-02-06 05:26:01
-51.499,-87.5067,2026-02-06 06:15:52
14.1643,149.5255,2026-02-06 07:19:58
-48.1782,-89.5474,2026-02-06 07:52:39
15.878,124.5658,2026-02-06 08:52:20
9.0088,-49.127,2026-02-06 09:47:09
-16.0986,-91.0634,2026-02-06 11:11:46
51.5503,8.5503,2026-02-06 11:40:54
51.5186,-14.2222,2026-02-06 13:13:58
-3.9174,-129.2206,2026-02-06 14:21:42
48.8237,-41.925,2026-02-06 16:23:16
-16.981,173.7628,2026-02-06 17:23:13
-10.407,2.0407,2026-02-06 18:18:40
34.9621,-166.7236,2026-02-06 19:13:54
18.6303,153.0134,2026-02-06 20:40:56
50.9259,163.8581,2026-02-07 00:01:44
-45.1655,-3.9427,2026-02-07 02:29:43
37.7505,154.7623,2026-02-07 04:52:31
41.6604,124.5982,2026-02-07 06:23:45
-10.7483,-104.8124,2026-02-07 12:00:32
11.8476,15.3497,2026-02-07 15:52:23
17.7503,134.4293,2026-02-07 21:27:35
-35.6974,-4.7652,2026-02-08 03:20:59
-0.7012,2.66,2026-02-08 05:06:07
-12.908,157.1359,2026-02-08 07:29:55
-22.3055,-61.1415,2026-02-08 08:04:44
29.7155,99.8328,2026-02-08 08:48:27
-25.1814,-87.4033,2026-02-08 09:36:39
-48.3324,-149.4537,2026-02-08 10:59:22
35.3474,45.8407,2026-02-08 11:52:10
19.8033,38.401,2026-02-08 13:30:46
-10.7716,-146.3029,2026-02-08 14:20:23
51.248,-63.2725,2026-02-08 14:45:38
-18.1316,-175.6564,2026-02-08 15:50:50
31.9358,-20.7448,2026-02-08 16:32:17
23.6811,168.9274,2026-02-08 19:10:41
37.1992,160.6604,2026-02-08 20:48:41
31.5381,-114.7461,2026-02-08 22:44:10
-29.399,177.4911,2026-02-09 06:49:39
-51.5137,-165.03,2026-02-09 10:09:33
-5.0196,-136.3445,2026-02-09 13:36:17
11.4372,164.6425,2026-02-09 18:20:30
-5.5019,105.2323,2026-02-09 21:20:46
-50.6363,-36.5745,2026-02-10 00:02:43
-5.1877,-149.7863,2026-02-10 02:49:26
33.3759,19.6134,2026-02-10 05:18:44
-24.2429,-98.6035,2026-02-10 09:37:52
38.2702,-41.2801,2026-02-10 16:30:39
-21.8021,98.2991,2026-02-10 20:29:14
34.7109,-154.3235,2026-02-11 00:16:45
-9.428,171.8328,2026-02-11 05:10:39
-48.8483,-110.5634,2026-02-11 07:07:57
-34.3386,147.5792,2026-02-11 08:25:18
17.2685,81.4213,2026-02-11 09:40:35
6.1197,-93.2564,2026-02-11 10:34:56
50.6826,-23.0445,2026-02-11 12:31:23
-33.8864,-174.0165,2026-02-11 13:27:03
-50.9838,95.4382,2026-02-11 16:23:18
30.6325,169.6321,2026-02-11 18:28:00
-37.5767,-13.2636,2026-02-11 19:17:07
-17.7807,-57.8704,2026-02-11 20:42:45
-17.9386,-81.3562,2026-02-11 22:15:44
44.6797,120.867,2026-02-11 23:12:46
-32.5156,56.6425,2026-02-12 13:50:14
6.342,1.0191,2026-02-12 15:09:53
51.335,-94.4645,2026-02-12 16:23:01
24.2232,168.9015,2026-02-12 17:39:37
-9.4224,-34.9256,2026-02-12 18:20:56
36.3724,158.952,2026-02-12 19:17:05
4.2121,-91.9114,2026-02-12 21:22:18
-40.7118,-49.6397,2026-02-12 21:38:15
43.0748,99.4552,2026-02-12 23:58:48
23.3703,-20.8003,2026-02-13 06:02:44
44.9825,-14.3071,2026-02-13 07:44:25
16.1951,-74.1211,2026-02-13 09:06:08
-44.4183,-156.4423,2026-02-13 10:17:19
12.9146,49.1689,2026-02-13 11:15:45
8.9816,-126.8467,2026-02-13 12:09:34
-27.7068,-179.0986,2026-02-13 13:30:08
-32.6922,39.0236,2026-02-13 14:37:08
-51.6111,72.0406,2026-02-13 16:22:08
38.5392,-168.4473,2026-02-13 16:58:57
-32.7255,104.5145,2026-02-13 18:07:02
-50.3247,41.0692,2026-02-13 19:30:46
-45.9473,-32.5286,2026-02-13 20:54:47
-50.4899,-7.2352,2026-02-13 22:36:26
-50.9992,-34.8327,2026-02-14 00:08:40
39.4862,145.2035,2026-02-14 02:35:20
-16.8071,-45.4699,2026-02-14 05:03:12
38.8497,75.3887,2026-02-14 07:14:23
19.7782,-65.3978,2026-02-14 08:21:15
48.1949,30.2885,2026-02-14 08:42:28
-18.2481,-117.4854,2026-02-14 09:41:30
-48.9454,124.9187,2026-02-14 10:53:07
28.5245,-104.4557,2026-02-14 11:30:11
-3.1896,-153.3806,2026-02-14 12:52:23
-21.924,168.5413,2026-02-14 14:19:00
51.5355,-86.5873,2026-02-14 14:50:12
-6.6668,156.8996,2026-02-14 15:57:05
-43.742,15.1189,2026-02-14 17:01:38
47.5923,-166.4074,2026-02-14 17:50:21
43.6527,-146.0233,2026-02-14 21:08:31
-48.4054,8.7816,2026-02-14 21:52:12
-23.2183,-21.5276,2026-02-15 02:41:57
-49.6786,-114.821,2026-02-15 05:35:48
50.9012,45.571,2026-02-15 06:20:52
-47.6836,-130.3209,2026-02-15 07:10:16
46.8391,-21.3186,2026-02-15 07:46:12
-36.5542,-130.822,2026-02-15 08:48:40
-44.9667,118.206,2026-02-15 10:04:27
-20.1698,-136.9175,2026-02-15 10:27:39
-49.9785,112.0454,2026-02-15 11:40:50
-48.4964,81.6664,2026-02-15 13:12:30
34.3396,-30.4711,2026-02-15 14:14:43
-22.1036,16.1709,2026-02-15 14:33:59
49.2183,-130.7666,2026-02-15 15:32:29
49.2624,-109.9316,2026-02-15 17:13:05
5.8239,-52.0913,2026-02-15 17:30:31
-27.6377,-49.4297,2026-02-15 19:14:43
-49.2695,34.6115,2026-02-15 19:32:28
50.5097,101.571,2026-02-16 02:29:24
2.9945,-90.178,2026-02-16 08:16:18
-44.7334,123.4357,2026-02-16 09:18:11
47.4649,-2.8248,2026-02-16 10:16:33
-51.5906,138.5362,2026-02-16 10:58:14
51.5937,-53.439,2026-02-16 11:44:40
51.6116,-79.2934,2026-02-16 13:17:13
44.5472,-139.6711,2026-02-16 14:43:23
-3.07,-39.9697,2026-02-16 16:47:17
45.3806,175.1459,2026-02-16 17:49:40
49.1753,163.9953,2026-02-16 19:25:04
-48.9078,18.3709,2026-02-16 20:19:32
18.0083,-126.3914,2026-02-16 21:19:04
14.0953,65.4637,2026-02-16 22:16:18
4.0573,-139.4836,2026-02-16 22:56:38
-38.6935,-4.3477,2026-02-16 23:30:52
16.3961,-98.0209,2026-02-17 09:07:32
-50.6607,156.4269,2026-02-17 10:14:08
7.5366,29.1061,2026-02-17 11:18:52
-18.222,141.8554,2026-02-17 15:07:42
21.1464,124.2517,2026-02-17 18:26:41
18.5151,-97.395,2026-02-17 18:59:48
16.6228,96.868,2026-02-17 19:58:03
-11.464,52.6961,2026-02-17 21:21:40
-19.1358,-116.4649,2026-02-17 22:18:11
-41.7828,-113.1695,2026-02-17 23:59:46
33.1882,-11.6293,2026-02-18 11:56:41
51.4791,-96.4109,2026-02-18 13:16:57
24.2372,156.4476,2026-02-18 16:08:39
48.236,-159.1879,2026-02-18 19:34:08
-4.0208,-98.5253,2026-02-18 19:54:01
21.2726,82.9415,2026-02-18 20:46:23
-32.4947,-97.528,2026-02-18 21:36:47
15.1829,30.6937,2026-02-18 23:50:09
-13.9075,-37.8066,2026-02-19 02:46:20
26.3494,96.0962,2026-02-19 05:01:20
49.8124,28.6685,2026-02-19 06:23:18
-45.4115,-147.695,2026-02-19 07:12:48
-39.1588,-158.7686,2026-02-19 08:48:44
-5.0806,-149.3432,2026-02-19 10:33:52
49.7694,-81.2996,2026-02-19 10:55:22
41.4239,-128.7656,2026-02-19 12:23:19
-50.3504,75.7082,2026-02-19 14:53:48
-30.0808,-23.6392,2026-02-19 16:10:55
38.238,155.0308,2026-02-19 17:00:40
-25.2087,76.4718,2026-02-19 18:11:38
-48.3213,14.4967,2026-02-19 19:34:20
-32.0094,45.7059,2026-02-19 19:42:03
-51.2537,-26.4201,2026-02-19 21:04:36
-10.2985,-135.5004,2026-02-19 22:16:12
44.625,72.5179,2026-02-19 23:15:48
42.716,103.1422,2026-02-20 02:36:13
-10.5197,-76.8025,2026-02-20 05:07:42
-21.7485,-109.418,2026-02-20 06:36:50
29.3934,51.4005,2026-02-20 07:20:31
42.7497,-73.3178,2026-02-20 08:32:33
-4.3929,54.8686,2026-02-20 09:04:54
-46.1536,145.1263,2026-02-20 11:05:39
49.2208,-57.2882,2026-02-20 11:50:02
11.7488,-27.6094,2026-02-20 13:38:25
-51.0755,54.2316,2026-02-20 14:03:47
8.15,131.2553,2026-02-20 16:04:33
-11.4843,-58.0639,2026-02-20 16:52:02
45.4774,-139.3608,2026-02-20 18:04:19
-13.5098,68.3493,2026-02-20 19:03:16
-46.3531,2.8375,2026-02-20 20:23:16
20.599,70.1361,2026-02-20 20:47:36
-51.3546,-60.5942,2026-02-20 21:49:06
44.1933,152.8911,2026-02-20 22:43:52
41.2698,47.6125,2026-02-21 00:01:24
-47.9801,-96.7746,2026-02-21 02:34:02
22.2867,-46.4896,2026-02-21 04:32:56
-19.1487,-101.5016,2026-02-21 05:52:01
7.7881,75.4867,2026-02-21 06:42:14
43.0743,-66.962,2026-02-21 07:47:00
51.6064,48.7642,2026-02-22 02:29:47
18.563,-67.6055,2026-02-22 05:18:52
13.0389,77.2752,2026-02-22 05:54:44
21.4647,-88.7579,2026-02-22 06:52:48
-48.4888,172.5627,2026-02-22 07:59:44
-11.8299,48.069,2026-02-22 09:08:52
-26.3554,-173.1659,2026-02-22 09:42:36
-17.303,28.717,2026-02-22 10:43:40
21.989,-24.5177,2026-02-22 12:03:30
48.6832,-140.0472,2026-02-22 13:16:21
-40.1377,98.5401,2026-02-22 14:16:03
51.6099,-138.3937,2026-02-22 14:53:41
-51.5531,25.5448,2026-02-22 15:39:25
-2.4721,-76.8359,2026-02-22 16:50:31
-43.3072,-57.9053,2026-02-22 18:38:25
51.22,159.2469,2026-02-22 19:33:58
-44.4709,-28.1705,2026-02-22 21:58:43
50.7136,88.9764,2026-02-22 22:35:59
-39.3755,-41.9046,2026-02-22 23:34:05
-43.7976,-174.9418,2026-02-23 02:23:25
-42.0306,-141.0919,2026-02-23 05:44:40
28.3272,45.9923,2026-02-23 06:36:38
-51.5999,130.9156,2026-02-23 08:42:43
41.7139,-19.5299,2026-02-23 09:37:10
-27.3849,19.8482,2026-02-23 11:34:21
-50.1593,64.543,2026-02-23 11:45:21
-29.8312,-1.2088,2026-02-23 13:08:12
16.2085,130.8497,2026-02-23 15:22:56
15.056,82.7009,2026-02-23 18:28:26
22.5848,65.3624,2026-02-23 20:03:57
-20.021,-152.2786,2026-02-23 22:22:24
11.7741,-37.9159,2026-02-24 02:12:04
51.5038,-14.4057,2026-02-24 05:36:27
38.5413,15.2387,2026-02-24 07:19:50
17.5528,14.2748,2026-02-24 09:00:30
-1.9328,-165.897,2026-02-24 09:52:16
2.2035,173.4162,2026-02-24 11:26:34
28.966,-43.4449,2026-02-24 12:02:24
49.7103,-147.6405,2026-02-24 13:18:34
50.3131,-167.8732,2026-02-24 14:52:07
16.4449,-102.9268,2026-02-24 16:45:36
-14.2175,19.7604,2026-02-24 20:38:48
-32.1424,-134.597,2026-02-24 21:40:56
40.9887,134.9471,2026-02-24 22:48:13
4.1539,-14.1476,2026-02-24 23:50:47
-39.5001,164.7104,2026-02-25 02:22:45
39.8572,42.4397,2026-02-25 05:00:30
38.9845,20.2525,2026-02-25 06:33:49
-17.1512,-147.8926,2026-02-25 07:28:25
27.1216,-137.2037,2026-02-25 09:16:16
-27.957,31.8573,2026-02-25 10:02:57
29.0971,-37.8688,2026-02-25 11:16:32
-50.911,82.118,2026-02-25 11:51:45
-37.1218,96.7975,2026-02-25 13:32:53
48.1731,164.2799,2026-02-25 15:37:25
-14.9403,-74.1281,2026-02-25 16:10:12
30.4955,84.6421,2026-02-25 18:35:10
-25.2643,-112.519,2026-02-25 19:19:39
-49.7427,-52.0344,2026-02-25 21:10:45
3.3031,178.1073,2026-02-25 22:15:56
-49.7622,-75.7534,2026-02-25 22:43:41
47.1837,102.6057,2026-02-25 23:32:06
51.2567,34.2326,2026-02-26 02:34:09
50.8478,-34.5364,2026-02-26 05:36:25
-49.8996,165.4285,2026-02-26 06:28:16
38.0541,3.8042,2026-02-26 07:21:20
47.9731,-41.7358,2026-02-26 08:49:15
-2.7016,-178.6262,2026-02-26 09:53:18
-22.6348,8.8638,2026-02-26 10:48:10
-15.6379,-20.6199,2026-02-26 12:18:42
26.1014,156.6533,2026-02-26 13:08:53
6.3785,93.3639,2026-02-26 16:08:04
-51.5364,-22.9264,2026-02-26 17:14:55
-46.4224,-74.6563,2026-02-26 18:42:44
32.9143,69.553,2026-02-26 19:23:10
10.3739,-157.6758,2026-02-26 19:54:48
48.9197,125.683,2026-02-26 21:12:05
-18.6572,-159.8885,2026-02-26 21:37:23
-34.5742,-167.3924,2026-02-26 23:16:05
-37.728,-63.701,2026-02-26 23:37:23
4.9446,-53.5233,2026-02-27 12:58:58
26.8447,-94.9588,2026-02-27 14:24:28
46.5651,-149.5973,2026-02-27 15:48:59
30.3757,95.961,2026-02-27 17:03:24
-50.8866,-24.3102,2026-02-27 18:04:47
-1.4712,-143.4344,2026-02-27 19:12:50
-18.5974,9.8097,2026-02-27 19:52:42
-50.9855,-95.594,2026-02-27 21:06:35
-7.1273,-5.012,2026-02-27 21:29:30
-19.6476,-176.9484,2026-02-27 22:24:47
-46.7242,-162.5211,2026-02-28 00:08:48
35.1918,-39.9183,2026-02-28 02:22:53
48.9472,-10.4086,2026-02-28 05:43:50
49.937,-76.3174,2026-02-28 07:09:30
15.8972,14.8795,2026-02-28 07:30:37
25.1725,-16.7457,2026-02-28 09:00:21
-10.9206,163.2594,2026-02-28 09:51:45
36.1308,-52.7976,2026-02-28 10:29:12
49.5666,-107.6871,2026-02-28 11:55:05
-19.0199,-53.6529,2026-02-28 13:53:59
12.9637,-79.2451,2026-03-01 03:02:00
27.1328,34.31,2026-03-01 05:07:53
-43.2623,52.9074,2026-03-01 08:38:40
13.2137,162.8593,2026-03-01 10:46:47
-45.3485,-13.1158,2026-03-01 13:18:34
33.0958,-113.9706,2026-03-01 14:23:18
-50.6157,-39.867,2026-03-01 16:28:23
-4.124,-153.6945,2026-03-01 19:14:51
47.3696,124.9409,2026-03-01 20:28:27
-15.3313,-46.9351,2026-03-01 23:00:49
47.6267,29.625,2026-03-02 02:40:02
33.712,-101.2021,2026-03-02 05:29:18
-22.164,54.9978,2026-03-02 06:11:29
-19.8557,29.3797,2026-03-02 07:43:37
-43.9314,60.103,2026-03-02 07:53:04
19.2875,-47.2601,2026-03-02 10:36:27
22.9419,-74.0542,2026-03-02 12:08:08
42.2003,-122.091,2026-03-02 13:33:34
30.6032,89.8098,2026-03-02 16:18:42
-40.9178,1.2652,2026-03-02 17:26:30
30.8926,-27.95,2026-03-03 00:03:29
-51.4598,169.3949,2026-03-03 02:34:32
41.5328,3.0136,2026-03-03 05:03:15
30.0953,-123.3047,2026-03-03 06:14:56
-51.4104,97.6816,2026-03-03 07:13:12
-19.9852,11.6173,2026-03-03 08:30:40
-21.2013,148.6472,2026-03-03 09:03:26
16.0229,-38.8521,2026-03-03 09:51:38
18.5229,154.9448,2026-03-03 10:49:39
4.9085,120.9945,2026-03-03 12:18:02
-26.4517,-76.9581,2026-03-03 14:44:41
-51.6065,-36.3361,2026-03-03 16:32:07
10.6895,54.3559,2026-03-03 16:58:46
-26.719,1.8362,2026-03-03 18:19:06
-20.9677,-152.8578,2026-03-03 19:21:34
-41.8763,-41.9954,2026-03-03 19:45:59
44.2051,22.0893,2026-03-03 21:50:15
51.5104,31.6051,2026-03-03 23:29:25
-51.4384,-14.1765,2026-03-04 14:12:00
27.0067,-137.2661,2026-03-04 15:13:36
-48.3776,-5.9067,2026-03-04 15:50:30
0.0904,-139.4486,2026-03-04 16:55:38
-18.9231,-8.9802,2026-03-04 19:08:49
-38.8748,-150.4107,2026-03-04 20:15:15
-41.1101,-58.4332,2026-03-04 20:33:19
51.4891,47.1866,2026-03-04 22:45:05
-33.8975,-94.8567,2026-03-04 23:42:12
-50.1,145.1464,2026-03-05 02:33:27
48.8193,-28.3923,2026-03-05 05:00:08
-14.0057,142.4103,2026-03-05 09:06:53
31.6812,-89.2994,2026-03-05 11:20:02
-4.2027,78.792,2026-03-05 13:48:57
-19.2072,-119.2336,2026-03-05 16:16:05
-22.7053,-30.1079,2026-03-05 19:54:27
21.9441,-43.1747,2026-03-05 23:15:18
-40.6343,-122.6749,2026-03-06 00:26:21
44.9037,-59.2176,2026-03-06 02:30:24
-45.2289,156.8868,2026-03-06 05:02:53
-41.4103,54.3755,2026-03-06 06:20:56
-46.8083,105.3295,2026-03-06 08:07:50
-30.6575,-8.0588,2026-03-06 09:22:25
28.7108,158.0043,2026-03-06 10:08:15
32.3228,-107.91,2026-03-06 12:06:44
-8.6189,81.3626,2026-03-06 13:01:30
-43.1714,19.9088,2026-03-06 14:21:33
51.4553,153.8319,2026-03-06 15:01:29
-38.7182,4.3541,2026-03-06 15:56:31
-32.0552,-124.5387,2026-03-06 17:07:37
31.0414,159.1111,2026-03-06 18:18:57
33.0675,21.2289,2026-03-06 19:27:29
30.4742,-29.0183,2026-03-06 22:32:22
42.0883,24.974,2026-03-07 01:59:05
-21.9769,-165.3947,2026-03-07 04:26:18
-20.0776,172.6358,2026-03-07 05:59:53
-37.9196,129.4286,2026-03-07 07:26:11
32.537,-55.1717,2026-03-07 08:14:47
19.2117,154.9255,2026-03-07 09:18:53
51.4426,-141.419,2026-03-07 09:34:41
39.6224,154.3307,2026-03-07 10:59:28
7.9655,-80.5765,2026-03-07 11:29:11
47.3185,-153.1501,2026-03-07 12:46:48
-51.1571,-47.9025,2026-03-07 14:59:15
51.4667,124.5621,2026-03-07 15:46:30
-46.4536,-29.564,2026-03-07 16:39:38
-37.0488,-135.9039,2026-03-07 17:56:30
-0.5776,167.4516,2026-03-07 19:16:40
-45.7007,-74.725,2026-03-07 19:45:56
16.9139,130.9167,2026-03-07 20:43:47
41.9664,-6.7951,2026-03-07 21:51:02
4.0333,-69.1435,2026-03-07 23:10:11
4.5435,-116.0099,2026-03-08 02:16:12
-43.9917,147.7392,2026-03-08 05:04:26
22.7971,-15.7725,2026-03-08 05:59:21
-14.7783,159.1001,2026-03-08 06:48:35
-39.8433,108.5216,2026-03-08 08:12:15
29.2468,-69.3035,2026-03-08 09:02:54
-22.8525,105.1326,2026-03-08 09:51:41
36.7907,-102.1795,2026-03-08 10:32:56
-12.2293,90.2128,2026-03-08 11:28:14
-45.4004,26.2913,2026-03-08 12:48:20
47.1797,106.0426,2026-03-08 14:56:03
-35.6199,-108.5151,2026-03-08 15:36:56
-46.0054,-112.7963,2026-03-08 17:14:40
50.148,106.2977,2026-03-08 18:10:14
-30.5437,-44.2205,2026-03-08 19:06:29
47.5916,36.5305,2026-03-08 19:35:07
10.6594,94.2886,2026-03-08 23:05:42
-49.4101,46.5503,2026-03-09 07:13:23
-11.1256,120.4312,2026-03-09 09:09:37
-49.1236,43.4986,2026-03-09 10:26:54
37.8837,139.5109,2026-03-09 10:59:33
-48.2507,-0.2253,2026-03-09 13:33:26
-36.0539,-102.1486,2026-03-09 14:51:03
-51.1828,-83.3066,2026-03-09 16:33:03
-51.4462,-103.3022,2026-03-09 18:06:36
14.1743,-26.4994,2026-03-09 20:08:31
-36.8438,-93.5948,2026-03-09 21:23:50
0.1272,-60.371,2026-03-09 21:36:47
46.2949,32.5476,2026-03-09 23:38:45
41.5101,-90.5734,2026-03-10 02:30:26
50.2615,-53.9098,2026-03-10 04:14:34
51.5459,-90.6442,2026-03-10 05:45:15
19.7944,-48.8353,2026-03-10 07:34:08
7.42,-62.8599,2026-03-10 09:11:12
-45.079,38.6511,2026-03-10 11:16:23
49.931,128.6699,2026-03-10 13:26:02
-46.8981,-60.7762,2026-03-10 17:27:03
18.5336,-17.2351,2026-03-10 19:23:55
49.1329,75.7342,2026-03-10 19:44:54
45.9649,39.2406,2026-03-10 22:52:52
17.3621,29.8041,2026-03-11 02:10:06
17.1129,-160.0845,2026-03-11 04:41:00
19.3459,178.1391,2026-03-11 06:14:41
-24.957,120.5209,2026-03-11 07:32:44
51.5788,-133.191,2026-03-11 08:04:50
21.1732,132.4704,2026-03-11 09:21:10
-46.5123,40.6061,2026-03-11 10:29:29
17.9926,-112.3965,2026-03-11 11:27:27
-31.8312,42.4943,2026-03-11 12:09:00
-50.4913,-53.9612,2026-03-11 13:26:57
-20.2905,-130.9232,2026-03-11 14:46:03
28.8812,166.728,2026-03-11 16:02:24
11.8701,6.9168,2026-03-11 17:02:39
35.9573,-111.4612,2026-03-12 02:28:48
-46.8355,54.3822,2026-03-12 04:53:18
-50.6932,47.7167,2026-03-12 06:29:24
42.8189,-89.2888,2026-03-12 07:25:59
-51.4755,32.6622,2026-03-12 08:03:47
43.1931,-113.6796,2026-03-12 08:58:43
3.1102,28.4322,2026-03-13 02:15:33
33.6907,-45.5207,2026-03-13 05:10:49
23.9469,170.1467,2026-03-13 06:16:59
-49.2853,21.8758,2026-03-13 07:14:45
-44.1692,58.1731,2026-03-13 08:58:33
35.06,-118.1219,2026-03-13 09:49:03
-45.8765,-60.6202,2026-03-13 11:51:14
-16.3247,-122.6166,2026-03-13 13:12:27
9.2633,171.467,2026-03-13 16:09:50
2.3186,-12.0589,2026-03-13 17:00:09
48.523,21.5604,2026-03-13 18:51:09
-36.7138,140.2312,2026-03-13 21:04:29
-8.4628,166.3595,2026-03-14 17:02:27
51.1964,43.1176,2026-03-14 18:07:48
37.0158,79.6776,2026-03-14 19:52:35
33.6732,60.4479,2026-03-14 21:27:14
19.6173,-87.7269,2026-03-14 22:31:55
35.616,-94.6549,2026-03-15 00:10:42
-19.9586,33.5286,2026-03-15 02:24:20
43.0334,-72.4725,2026-03-15 05:07:58
-6.7351,-47.5511,2026-03-15 06:58:44
14.9483,-86.9266,2026-03-15 08:24:30
-13.2689,82.5568,2026-03-15 09:11:34
-8.2383,-93.697,2026-03-15 10:05:07
-51.3689,-2.519,2026-03-16 09:41:01
16.7809,86.7104,2026-03-16 10:08:39
49.6502,114.5006,2026-03-16 11:55:46
-8.1877,-158.8689,2026-03-16 13:58:05
50.3031,104.2096,2026-03-16 15:07:58
8.5972,141.8768,2026-03-16 16:58:26
20.5313,108.8991,2026-03-16 18:27:22
50.3053,9.7235,2026-03-16 21:19:44
-10.4935,84.7373,2026-03-16 21:43:34
40.4605,14.7154,2026-03-16 22:58:39
13.8624,-51.0182,2026-03-17 05:20:14
47.0846,133.935,2026-03-17 09:35:03
8.5726,-117.9056,2026-03-17 10:00:49
-13.9852,-24.634,2026-03-17 15:24:19
-37.6584,-95.9938,2026-03-17 18:21:36
8.9314,100.1266,2026-03-17 19:18:20
-44.3229,129.464,2026-03-17 21:10:29
21.7672,-115.9363,2026-03-17 23:20:58
-48.5656,73.9735,2026-03-18 05:06:33
-25.6188,-38.663,2026-03-18 06:20:30
20.5307,101.2826,2026-03-18 08:38:11
42.5066,-148.6895,2026-03-18 09:02:24
34.1772,91.689,2026-03-18 10:16:05
-48.9294,-69.1338,2026-03-18 11:09:49
45.3199,157.7638,2026-03-18 12:06:51
-50.4044,-132.427,2026-03-18 15:50:01
-3.9616,138.694,2026-03-18 17:03:45
16.9042,99.7581,2026-03-18 18:29:47
-27.5017,110.6356,2026-03-18 20:17:38
-46.1734,-178.0106,2026-03-18 22:10:27
-45.5889,91.0652,2026-03-18 23:31:10
19.5462,-20.5056,2026-03-19 02:13:35
51.443,-143.2459,2026-03-19 05:01:45
41.0958,155.089,2026-03-19 06:27:12
-17.2707,78.7082,2026-03-19 07:39:40
25.7151,88.1081,2026-03-19 09:27:02
-28.0945,21.6779,2026-03-19 10:41:45
-22.5284,3.3904,2026-03-19 12:16:40
-46.2125,-143.4294,2026-03-19 15:00:55
-0.9314,142.2766,2026-03-19 16:16:51
14.4373,-39.6503,2026-03-19 17:07:50
-44.4551,-120.6676,2026-03-19 18:19:37
28.967,70.8728,2026-03-19 19:12:35
13.9306,-87.2771,2026-03-19 20:13:33
38.3203,35.4281,2026-03-19 20:41:53
0.2092,-120.9039,2026-03-19 21:41:56
47.3775,-89.8449,2026-03-19 23:32:50
44.5914,-144.727,2026-03-20 02:37:06
-37.4888,86.7913,2026-03-20 05:13:23
33.3327,-123.0395,2026-03-20 07:34:27
-40.4599,34.7959,2026-03-20 08:17:59
49.5728,137.0495,2026-03-20 08:52:06
51.6015,132.4298,2026-03-20 10:28:19
46.8401,141.4357,2026-03-20 12:07:05
44.1667,48.9656,2026-03-20 13:27:27
24.3891,-1.8784,2026-03-20 14:52:24
17.9326,-31.1218,2026-03-20 16:23:06
12.315,-82.7701,2026-03-20 19:27:05
-4.7599,56.2733,2026-03-20 21:43:57
-6.2354,33.7156,2026-03-20 23:17:22
-32.0344,170.5393,2026-03-20 23:50:48
-46.5924,74.1943,2026-03-21 04:23:04
-51.5638,15.582,2026-03-21 05:49:44
-47.0003,-35.1732,2026-03-21 07:17:47
51.6138,163.9049,2026-03-21 08:09:48
-29.6184,31.5557,2026-03-21 09:09:20
-19.45,-121.4488,2026-03-21 10:12:22
49.7613,96.5053,2026-03-21 11:12:13
-6.6658,-154.9093,2026-03-21 11:41:00
-29.3212,-159.3958,2026-03-21 13:21:43
46.7968,37.924,2026-03-21 14:15:55
-51.5073,-141.5969,2026-03-21 16:41:40
25.9066,85.4596,2026-03-21 17:41:49
51.1708,-11.621,2026-03-21 18:58:39
-30.1672,107.0551,2026-03-21 19:33:47
-29.4179,82.6256,2026-03-21 21:06:26
49.9413,-30.3081,2026-03-21 22:09:22
-12.109,-165.5607,2026-03-21 23:11:51
21.0714,171.9513,2026-03-22 02:28:47
-48.4269,50.2454,2026-03-22 05:08:50
-51.4333,-5.227,2026-03-22 06:36:13
-29.3179,-82.7982,2026-03-22 07:56:57
50.6248,160.1236,2026-03-22 08:59:10
-37.7771,3.3895,2026-03-22 09:53:07
3.5949,-156.4624,2026-03-22 10:51:40
47.5524,127.0695,2026-03-22 12:07:40
-38.7019,-165.2147,2026-03-22 14:12:22
14.494,-22.3638,2026-03-22 14:50:01
17.3204,122.4003,2026-03-22 15:25:54
11.5718,103.2608,2026-03-22 17:00:46
49.608,-16.5947,2026-03-22 18:10:47
-51.4383,165.9375,2026-03-22 18:59:43
11.0292,56.4362,2026-03-22 20:06:48
35.5899,-96.0316,2026-03-22 21:09:19
-45.8863,134.909,2026-03-22 23:45:40
19.244,-60.0083,2026-03-23 17:11:30
-6.1263,74.521,2026-03-23 19:26:27
-33.7241,-150.621,2026-03-23 19:59:17
50.2769,-20.7302,2026-03-23 20:37:02
4.9267,-141.7711,2026-03-23 21:45:29
-34.1995,161.5474,2026-03-23 23:04:57
43.2412,-124.73,2026-03-23 23:32:31
37.0982,177.382,2026-03-24 02:35:39
-45.189,-22.9049,2026-03-24 04:58:46
42.1745,-137.1536,2026-03-24 05:59:46
-21.6952,-102.2424,2026-03-24 07:55:09
42.9743,69.4045,2026-03-24 10:22:54
-38.104,-32.8092,2026-03-24 11:26:49
22.4932,19.4189,2026-03-24 11:47:47
37.4959,12.6576,2026-03-24 13:26:19
-22.4923,140.3887,2026-03-24 15:40:05
42.178,57.5334,2026-03-24 16:50:16
45.4356,26.6645,2026-03-24 18:21:33
15.1552,-104.7764,2026-03-24 19:29:55
26.4409,-118.5744,2026-03-24 21:06:45
-42.0142,70.3817,2026-03-24 21:59:23
22.8526,-12.4768,2026-03-24 23:09:32
-51.4924,47.0854,2026-03-25 02:47:08
50.8961,-161.083,2026-03-25 05:07:47
43.3492,99.5787,2026-03-25 08:04:07
3.3177,10.3135,2026-03-25 10:55:17
-49.5198,-120.6768,2026-03-25 12:00:15
-51.3697,-130.6275,2026-03-25 13:35:34
-50.3252,-163.5066,2026-03-25 15:06:54
-51.1267,-160.355,2026-03-25 16:44:23
-51.1063,155.3471,2026-03-25 18:13:49
-49.6965,162.2353,2026-03-25 19:51:58
51.5986,-75.1023,2026-03-25 22:07:38
15.9894,-116.1835,2026-03-26 19:31:01
19.3942,-137.0197,2026-03-26 21:05:06
21.5835,0.2002,2026-03-26 21:37:51
34.4633,-36.8934,2026-03-26 23:06:05
-48.3961,51.4,2026-03-26 23:36:43
-33.852,84.8482,2026-03-27 02:58:38
27.9656,-123.9078,2026-03-27 05:20:14
-24.924,23.6647,2026-03-27 07:40:43
-47.3156,-35.1091,2026-03-27 09:04:03
20.8167,171.9511,2026-03-27 10:01:32
24.3465,14.8244,2026-03-27 11:03:10
-47.2687,-82.1886,2026-03-27 12:09:56
15.5867,129.0311,2026-03-27 13:09:11
-14.6299,103.9573,2026-03-27 16:25:03
30.6978,44.2486,2026-03-27 17:42:39
-44.4946,-169.1168,2026-03-27 18:23:14
-34.3867,75.8345,2026-03-27 19:37:57
-24.3865,-164.745,2026-03-27 20:04:19
39.533,-14.857,2026-03-27 20:44:59
30.997,-143.6738,2026-03-27 21:56:04
-16.7501,11.1776,2026-03-27 22:37:28
38.0615,-158.0786,2026-03-27 23:31:47
37.013,-152.6558,2026-03-28 06:03:36
44.2211,170.795,2026-03-28 07:33:15
8.03,-172.2444,2026-03-28 09:19:44
-36.8627,-31.4745,2026-03-28 09:55:58
-31.9197,-163.3275,2026-03-28 11:06:15
13.7667,159.1939,2026-03-29 00:09:45
-51.5752,20.7561,2026-03-29 02:48:17
-51.5637,-32.7009,2026-03-29 05:53:05
-2.4589,-135.3516,2026-03-29 07:04:09
-24.9394,-164.8404,2026-03-29 10:17:35
50.1644,50.4553,2026-03-29 11:15:54
-50.6586,-138.1128,2026-03-29 12:02:55
13.1263,118.9086,2026-03-29 13:10:41
-40.7763,144.2313,2026-03-29 15:02:31
35.2362,-56.058,2026-03-29 15:46:40
22.814,125.2496,2026-03-30 02:32:33
-50.8336,-83.7369,2026-03-30 08:11:09
-18.51,-164.7137,2026-03-30 09:29:12
-24.3288,-52.8579,2026-03-30 11:34:15
19.4768,-42.9435,2026-03-30 13:21:51
-13.931,97.1817,2026-03-30 15:39:20
-39.6921,-165.9304,2026-03-30 17:40:02
4.5296,36.5763,2026-03-30 18:39:05
-12.2586,-160.8956,2026-03-30 19:22:59
-51.6133,99.7883,2026-03-30 20:36:39
20.6211,-23.0243,2026-03-30 21:39:32
-47.3871,105.9024,2026-03-30 22:14:51
34.7075,-169.0208,2026-03-30 22:44:55
-50.9473,41.0988,2026-03-30 23:40:33
-29.3082,-54.401,2026-03-31 02:35:09
-45.9475,-74.8902,2026-03-31 05:48:11
-32.1566,-7.9845,2026-03-31 07:39:23
51.2421,88.5135,2026-03-31 09:48:04
-41.7424,-69.3114,2026-03-31 10:41:15
-50.9045,-123.5289,2026-03-31 12:08:01
-50.2936,-176.1915,2026-03-31 13:36:00
-49.6003,156.3845,2026-03-31 15:08:15
51.5117,-33.7942,2026-03-31 17:31:58
-48.2681,56.2796,2026-03-31 21:18:52
-40.7327,14.0792,2026-03-31 22:47:42
-29.0074,-25.302,2026-04-01 00:15:56
14.3227,-153.7662,2026-04-01 06:13:01
-29.1995,-143.1614,2026-04-01 08:00:36
-13.8337,-56.0358,2026-04-01 11:38:24
42.9581,78.6726,2026-04-01 12:13:51
17.039,86.0212,2026-04-01 13:56:42
-39.1594,111.6791,2026-04-01 15:49:08
-37.487,85.4832,2026-04-01 17:21:20
24.5584,-121.2783,2026-04-01 18:02:56
43.1569,-120.0276,2026-04-01 19:43:16
-48.8443,17.7635,2026-04-02 02:53:07
51.2685,129.7917,2026-04-02 05:06:53
-51.5558,-73.483,2026-04-02 07:28:18
37.8002,18.0155,2026-04-02 09:37:08
-30.9949,-89.4771,2026-04-02 12:19:06
-36.0934,-119.4469,2026-04-02 13:50:02
-17.5949,-124.0387,2026-04-02 15:29:41
-50.3417,124.8984,2026-04-02 16:42:25
-51.6073,116.5795,2026-04-02 18:17:57
-8.2232,15.8808,2026-04-02 19:30:32
17.5277,-168.8058,2026-04-02 20:20:07
-33.5244,15.1032,2026-04-02 21:12:18
49.7563,-141.0737,2026-04-02 22:07:02
-48.0521,19.8932,2026-04-02 22:52:08
45.7043,-110.8027,2026-04-02 23:49:33
-35.6504,23.6791,2026-04-03 20:26:54
28.1138,-176.9897,2026-04-03 21:10:30
-2.6475,-29.5313,2026-04-03 21:48:17
43.1606,-99.0176,2026-04-03 23:04:39
-35.5275,81.8594,2026-04-03 23:54:27
17.4345,-115.1775,2026-04-04 02:20:22
23.0358,60.0557,2026-04-04 04:53:17
50.6714,88.6535,2026-04-04 06:39:17
-22.5592,-22.1831,2026-04-04 07:43:49
-38.2683,-63.7557,2026-04-04 09:10:49
42.6776,96.6958,2026-04-04 09:55:18
39.3195,-15.1923,2026-04-04 11:11:08
-1.7385,117.3172,2026-04-04 11:44:14
50.1257,26.0988,2026-04-04 12:56:23
-15.608,-110.806,2026-04-04 13:57:52
47.4236,-9.7339,2026-04-04 16:04:21
20.1342,-131.3829,2026-04-04 17:15:36
19.6983,157.4123,2026-04-04 21:54:12
-44.4682,74.3565,2026-04-05 17:25:24
25.5191,-144.3075,2026-04-05 18:04:07
29.6728,-44.021,2026-04-05 20:04:46
45.4561,-162.2499,2026-04-05 21:18:13
-38.8627,-7.1849,2026-04-05 22:01:31
12.3706,133.7884,2026-04-05 22:38:21
-40.2325,-28.5336,2026-04-05 23:35:02
-51.4393,-36.2312,2026-04-06 02:48:44
-50.5604,-62.364,2026-04-06 05:58:08
51.3636,59.9208,2026-04-06 08:13:44
44.5381,6.6018,2026-04-06 09:41:02
48.1378,46.6979,2026-04-06 11:25:29
-51.5088,-167.0289,2026-04-06 12:08:03
-18.9149,-149.0509,2026-04-06 15:30:00
-21.0239,2.015,2026-04-06 19:35:37
9.4831,19.4074,2026-04-07 05:35:40
2.1629,155.6535,2026-04-07 07:51:10
34.1281,104.0977,2026-04-07 09:13:00
-51.6129,-166.2159,2026-04-07 11:20:54
51.5077,-2.5232,2026-04-07 12:06:36
9.7375,-98.4587,2026-04-07 13:20:18
-8.1864,44.9893,2026-04-07 15:39:09
-48.2556,73.3812,2026-04-07 17:27:59
33.6688,-36.9892,2026-04-07 18:30:39
-26.439,-10.7726,2026-04-07 20:24:07
31.5379,162.8364,2026-04-07 21:12:27
-18.4644,99.1027,2026-04-07 22:28:25
-2.3756,-77.2383,2026-04-07 23:21:48
-50.1228,22.9153,2026-04-07 23:47:17
2.8213,44.0483,2026-04-08 03:14:14
44.0481,140.7092,2026-04-08 05:16:32
-38.491,-64.3852,2026-04-08 07:38:29
-45.2401,-124.7718,2026-04-08 10:41:07
-35.2384,123.1122,2026-04-08 11:56:33
-51.3738,159.8569,2026-04-08 13:41:40
-24.7395,-166.1338,2026-04-08 15:28:17
48.5885,-111.3138,2026-04-08 17:28:22
20.6908,-41.515,2026-04-08 19:21:57
36.4867,-82.1038,2026-04-08 20:49:03
14.4795,129.3046,2026-04-08 21:53:03
3.2007,97.3796,2026-04-08 23:22:13
-1.7196,-95.4743,2026-04-09 00:08:10
-1.2724,46.9849,2026-04-09 02:26:34
-51.345,-75.8281,2026-04-09 05:10:51
-15.6982,156.794,2026-04-09 07:57:22
-51.4194,175.6557,2026-04-09 11:20:08
50.8733,-22.255,2026-04-09 12:05:32
-42.8561,94.1726,2026-04-09 14:19:21
18.7067,13.2252,2026-04-09 15:30:29
-22.5397,154.5051,2026-04-09 17:48:33
47.3818,-156.9806,2026-04-09 19:47:01
17.5025,137.5497,2026-04-09 21:07:44
-46.5274,-38.6186,2026-04-09 23:38:47
-48.9059,-30.3002,2026-04-10 02:54:27
-44.5385,-64.159,2026-04-10 06:03:00
-26.344,-61.5488,2026-04-10 07:43:24
51.173,10.0534,2026-04-10 09:46:47
4.2494,77.2477,2026-04-10 11:43:09
-23.1872,98.1242,2026-04-10 11:52:20
-37.8383,91.2542,2026-04-10 13:30:46
0.7783,-158.2123,2026-04-10 15:37:06
-37.9083,44.1401,2026-04-10 16:36:37
9.8999,-175.2561,2026-04-10 17:13:01
10.1305,-21.4609,2026-04-10 17:52:50
7.514,135.7748,2026-04-10 20:18:03
-47.1841,-7.182,2026-04-10 21:19:55
38.371,142.2124,2026-04-10 22:01:59
-50.3239,15.6167,2026-04-10 23:00:59
48.6234,-167.8857,2026-04-10 23:48:56
8.489,150.8654,2026-04-11 06:16:40
-10.7336,117.4584,2026-04-11 09:28:50
19.3191,-67.5963,2026-04-11 10:18:12
6.352,81.587,2026-04-11 10:56:06
-34.1527,-135.2065,2026-04-11 11:32:52
-0.1618,-129.4204,2026-04-11 13:17:32
18.9953,24.6776,2026-04-11 13:57:41
-35.5945,46.6823,2026-04-11 15:49:19
51.6097,-91.6213,2026-04-11 16:46:44
-13.2576,150.2208,2026-04-11 17:51:55
-16.8514,-19.4763,2026-04-11 18:48:21
32.8335,-83.4199,2026-04-11 20:04:21
-3.6923,-76.5353,2026-04-11 21:49:47
47.6864,-158.6197,2026-04-11 23:03:14
-27.0611,43.8751,2026-04-11 23:58:48
-28.1595,-4.462,2026-04-12 03:04:13
28.7721,139.491,2026-04-12 05:23:20
-50.0435,-154.9177,2026-04-12 07:26:09
-28.5474,138.6386,2026-04-12 08:48:38
19.4068,77.4028,2026-04-12 10:05:21
23.2266,-81.9496,2026-04-12 11:06:06
40.2438,6.2769,2026-04-12 13:03:19
44.792,-123.011,2026-04-12 15:53:32
-9.6008,158.817,2026-04-12 17:06:46
-14.8632,-38.8119,2026-04-12 19:34:13
-3.7478,115.8332,2026-04-12 20:14:32
51.3024,-165.5746,2026-04-12 20:37:36
-16.2444,-84.9416,2026-04-12 22:40:30
44.9387,119.2977,2026-04-12 23:38:09
50.1613,90.6436,2026-04-13 02:47:37
22.5311,127.7675,2026-04-13 06:12:05
-41.3261,-110.7803,2026-04-13 08:24:13
10.4819,66.6574,2026-04-13 10:54:54
35.0869,-27.3459,2026-04-13 15:24:55
5.4221,175.4242,2026-04-13 16:25:21
27.5982,-65.9324,2026-04-13 18:33:33
25.5169,144.3817,2026-04-13 19:37:59
34.3389,130.4872,2026-04-13 21:14:09
-3.7227,-112.0307,2026-04-13 23:22:51
35.5142,25.1564,2026-04-14 11:32:32
-37.7067,166.6225,2026-04-14 13:51:02
10.7967,-174.7977,2026-04-14 15:40:45
48.9972,-145.3775,2026-04-14 17:29:15
-0.3214,-61.3721,2026-04-14 19:29:32
-25.2772,-65.4072,2026-04-14 21:10:51
21.1255,-124.8475,2026-04-14 22:28:10
-0.8252,58.7854,2026-04-14 23:21:27
51.2309,-130.7798,2026-04-15 18:21:19
31.6533,-105.8309,2026-04-15 20:05:05
-50.9727,-30.5769,2026-04-15 22:10:07
51.4468,143.3517,2026-04-15 22:57:31
-3.1923,39.3519,2026-04-16 00:07:10
-47.2162,-119.4763,2026-04-16 02:45:30
51.257,-1.0715,2026-04-16 08:14:29
44.2734,21.7227,2026-04-16 09:55:50
30.2737,-98.724,2026-04-16 11:08:53
-17.3377,176.2776,2026-04-16 13:58:37
23.3085,159.8865,2026-04-16 17:18:00
-47.1871,40.4666,2026-04-16 19:58:06
1.9625,-98.4935,2026-04-16 21:01:46
26.2274,-141.4328,2026-04-16 22:26:28
-39.7078,-83.1552,2026-04-16 22:49:26
-35.5873,-112.9324,2026-04-17 00:20:37
36.243,32.555,2026-04-17 02:40:14
-12.3315,-55.8976,2026-04-17 05:29:21
-37.1557,131.2208,2026-04-17 08:05:47
-22.7997,44.3128,2026-04-17 12:39:08
16.2112,-176.6649,2026-04-17 14:56:14
50.776,-141.4838,2026-04-17 16:44:42
50.8954,-164.1149,2026-04-17 18:17:47
-23.409,82.4943,2026-04-17 19:21:43
21.8216,-107.8771,2026-04-17 20:08:41
-21.4976,-98.4972,2026-04-17 21:56:06
34.4982,83.2966,2026-04-17 22:47:18
41.8072,85.8131,2026-04-18 05:18:23
-36.6721,-121.2133,2026-04-18 07:40:01
-51.1387,153.8905,2026-04-18 09:00:47
4.1413,53.3373,2026-04-18 10:10:46
50.3808,-67.592,2026-04-18 11:19:04
-47.9134,144.2206,2026-04-18 12:13:09
-3.7708,11.7379,2026-04-18 13:19:11
-47.3534,40.2026,2026-04-18 15:08:53
4.5079,-41.3604,2026-04-18 16:22:16
36.1151,-117.488,2026-04-18 19:16:58
-37.1313,-51.8232,2026-04-18 19:42:35
-51.5846,-22.4469,2026-04-18 21:26:08
50.3567,159.6281,2026-04-18 22:14:55
2.6402,37.4679,2026-04-18 23:22:43
25.4465,-176.1666,2026-04-18 23:59:41
50.7685,11.8415,2026-04-19 05:54:24
50.5085,16.9757,2026-04-19 07:32:10
-6.3611,66.6787,2026-04-19 09:27:48
17.0129,-117.0739,2026-04-19 10:17:50
45.9387,-12.0524,2026-04-19 10:41:27
-29.3076,-177.1493,2026-04-19 11:35:07
49.6172,-113.2238,2026-04-19 13:37:40
42.996,-75.9421,2026-04-19 15:21:42
-37.2648,102.1449,2026-04-19 16:10:45
21.9503,-72.6493,2026-04-19 17:02:52
33.9853,141.5913,2026-04-19 18:08:25
39.5088,125.9164,2026-04-19 19:43:35
-32.6215,-99.1088,2026-04-19 22:00:09
0.9336,67.3529,2026-04-20 08:38:56
22.1706,-130.4572,2026-04-20 11:06:03
50.0716,-104.9434,2026-04-20 12:51:39
-51.3046,65.8107,2026-04-20 15:15:29
13.5881,-59.9236,2026-04-20 16:19:15
-7.1031,-68.5675,2026-04-20 17:59:00
-43.2715,26.7086,2026-04-20 20:00:19
0.8379,-145.0565,2026-04-20 22:35:06
-44.7089,-23.741,2026-04-20 23:05:23
17.1079,179.2618,2026-04-21 00:02:35
-19.2283,159.1213,2026-04-21 03:20:30
-4.63,-74.0016,2026-04-21 05:31:57
-13.964,-128.1141,2026-04-21 08:34:39
-49.4152,155.7844,2026-04-21 09:52:39
-38.2407,159.64,2026-04-21 11:31:37
-20.372,-5.1699,2026-04-21 14:11:12
-25.8797,-23.775,2026-04-21 15:46:02
-17.3884,-54.871,2026-04-21 17:15:59
9.6372,60.1291,2026-04-21 21:05:40
-14.8521,18.7197,2026-04-21 22:30:28
-50.5902,54.666,2026-04-22 13:38:40
40.0352,144.4149,2026-04-22 17:24:25
-1.2436,81.8074,2026-04-22 18:42:42
23.0439,76.8136,2026-04-22 20:23:44
22.9372,-173.9535,2026-04-22 22:27:37
48.2775,122.1228,2026-04-22 23:49:35
-48.0865,119.2719,2026-04-23 08:11:16
-33.672,67.3216,2026-04-23 09:37:16
12.3308,-168.0633,2026-04-23 11:49:06
-13.4642,-22.6035,2026-04-23 14:08:48
-29.3888,88.2144,2026-04-23 16:13:44
14.0126,4.3596,2026-04-24 00:12:52
-44.6556,-173.9373,2026-04-24 02:44:00
-51.5429,179.4803,2026-04-24 05:57:15
51.552,-36.1855,2026-04-24 08:16:31
-26.1116,41.2997,2026-04-24 10:20:52
-44.7862,117.6201,2026-04-24 12:14:55
-30.8672,116.0782,2026-04-24 13:53:47
-51.584,31.4818,2026-04-24 15:13:35
-37.6412,60.1386,2026-04-24 16:56:56
37.1786,-101.4782,2026-04-25 15:24:06
10.083,107.5836,2026-04-25 16:26:57
-0.8199,-90.8811,2026-04-25 17:10:18
-39.7562,15.4714,2026-04-25 19:15:19
46.0303,170.4837,2026-04-25 19:58:37
16.1117,41.3786,2026-04-25 21:07:39
-39.3034,-125.3963,2026-04-25 22:02:39
-49.7119,-81.8379,2026-04-25 23:48:19
-51.4479,146.1154,2026-04-26 07:30:23
4.1127,-156.4322,2026-04-26 09:26:52
-35.6118,145.6111,2026-04-26 10:46:02
-49.8217,49.9349,2026-04-26 12:04:44
-40.7081,90.5433,2026-04-26 13:49:41
-40.8807,66.6286,2026-04-26 15:22:30
-44.3884,-62.483,2026-04-26 18:12:44
38.6274,-168.604,2026-04-26 19:15:40
-51.4269,-65.9849,2026-04-26 21:26:32
8.2495,-5.9167,2026-04-26 23:24:19
-3.2392,158.6853,2026-04-27 00:09:04
-39.514,146.4055,2026-04-27 03:27:49
-50.2154,128.8541,2026-04-27 06:39:55
-48.9987,98.5032,2026-04-27 11:25:36
-51.2783,19.526,2026-04-27 14:25:55
-39.4191,-66.2166,2026-04-27 17:23:51
-7.4178,35.9825,2026-04-27 19:26:49
-33.7815,-153.0126,2026-04-28 06:07:54
14.072,-160.9124,2026-04-28 09:30:00
7.0677,75.8261,2026-04-28 17:12:09
-3.1788,44.9172,2026-04-28 18:41:41
-18.2501,-37.2493,2026-04-28 23:15:21
37.4927,63.5532,2026-04-29 19:42:11
-15.4301,-174.608,2026-04-29 21:53:29
42.7156,107.379,2026-04-29 23:05:47
-23.294,-153.7465,2026-04-30 06:11:32
-11.8724,168.4074,2026-04-30 09:21:12
47.2219,-175.8685,2026-04-30 12:48:48
20.8082,-172.1851,2026-04-30 19:21:56
-37.5705,-46.0591,2026-04-30 21:35:07
-51.3443,130.009,2026-05-01 06:43:42
48.3102,-66.9631,2026-05-01 09:06:17
22.9172,-50.1125,2026-05-01 10:50:09
23.8792,-74.5967,2026-05-01 12:22:42
-26.5887,-58.6372,2026-05-01 14:12:38
37.2988,-137.1183,2026-05-01 15:23:27
50.2276,131.8548,2026-05-01 16:43:18
-50.4977,-74.6605,2026-05-01 20:41:06
14.5668,127.9966,2026-05-01 23:16:10
45.5124,65.5797,2026-05-02 00:36:59
29.4355,-76.3693,2026-05-02 03:23:18
1.4504,-146.5677,2026-05-02 06:19:34
25.5076,-23.014,2026-05-02 08:29:46
31.8569,-168.0871,2026-05-02 09:35:46
51.5957,-136.2016,2026-05-02 11:20:37
-19.6572,-35.4327,2026-05-02 11:50:43
-39.216,57.618,2026-05-02 13:49:41
12.3531,-106.368,2026-05-02 14:45:51
13.1692,56.7352,2026-05-02 17:13:42
37.6769,-178.9882,2026-05-02 17:42:30
51.48,113.0107,2026-05-02 19:06:18
-29.102,-23.7078,2026-05-02 20:05:14
-51.5898,160.0241,2026-05-03 03:36:44
-35.2741,57.4867,2026-05-03 06:31:09
-22.0355,-3.8673,2026-05-03 09:32:03
34.7669,-74.6001,2026-05-03 10:45:30
40.287,-130.0537,2026-05-03 13:49:00
30.1755,101.4879,2026-05-03 15:00:07
18.3025,66.709,2026-05-03 16:28:50
45.8467,170.9332,2026-05-03 16:52:02
-47.5343,-167.5265,2026-05-04 02:54:52
-14.9741,-170.365,2026-05-04 06:13:49
16.9217,165.9156,2026-05-04 09:30:11
-39.7614,68.5322,2026-05-04 12:16:15
49.9417,-174.5524,2026-05-04 14:29:38
18.2685,-146.4291,2026-05-04 16:16:26
24.7768,31.0926,2026-05-04 18:50:15
51.5277,67.9853,2026-05-04 20:37:16
50.563,33.714,2026-05-04 22:08:21
50.2338,42.1341,2026-05-04 23:46:41
45.894,68.1482,2026-05-05 18:12:23
48.1853,28.0762,2026-05-05 21:19:37
-15.5272,126.4708,2026-05-05 23:25:31
-36.5398,-41.0767,2026-05-06 11:56:16
19.5366,85.4673,2026-05-06 14:09:24
13.1065,9.5048,2026-05-06 18:45:54
42.8979,19.8304,2026-05-06 20:29:59
13.4567,111.186,2026-05-06 22:29:16
33.9869,-41.5343,2026-05-06 23:31:57
44.4894,-138.4156,2026-05-07 12:13:23
-8.3184,47.1482,2026-05-07 14:46:24
-12.4844,-50.3725,2026-05-07 20:56:35
28.8011,79.9578,2026-05-07 23:10:11
-45.2667,175.4263,2026-05-08 02:55:29
-13.8171,166.9751,2026-05-08 06:13:28
51.0907,-111.8615,2026-05-08 08:15:53
-3.3696,127.4456,2026-05-08 09:22:43
7.7853,-91.1168,2026-05-08 11:40:31
51.0164,131.8285,2026-05-08 14:23:46
-16.2932,23.4011,2026-05-08 15:29:59
39.9577,49.7987,2026-05-08 17:22:26
-30.8714,-177.9949,2026-05-08 19:38:06
-12.2365,141.6802,2026-05-08 21:04:28
-28.4292,132.152,2026-05-08 22:42:59
-36.3289,-138.6283,2026-05-09 00:40:03
36.457,5.8022,2026-05-09 02:59:16
-19.6309,121.0065,2026-05-09 08:30:37
-8.7074,105.913,2026-05-09 10:07:11
-44.7301,-32.1242,2026-05-09 11:12:56
20.1572,-142.0373,2026-05-09 13:55:28
41.1135,169.5466,2026-05-09 15:20:23
-44.3719,-127.3897,2026-05-09 17:24:18
51.4316,71.9922,2026-05-09 18:16:38
-24.0253,-48.1072,2026-05-09 19:19:19
-25.6042,-73.2023,2026-05-09 20:51:39
40.5904,-61.2152,2026-05-10 00:20:30
-30.8226,-173.037,2026-05-10 03:01:18
51.6066,-109.4937,2026-05-10 06:40:58
-33.2367,89.7095,2026-05-10 09:11:56
-34.2905,-44.0254,2026-05-10 10:21:38
20.4263,86.2949,2026-05-10 12:35:58
-27.6886,25.0786,2026-05-10 13:52:40
37.2314,33.7595,2026-05-10 17:20:50
-49.5891,-87.0655,2026-05-10 18:21:01
23.6261,126.4029,2026-05-10 19:19:09
-14.3943,131.5762,2026-05-10 21:04:45
20.5928,-78.797,2026-05-10 23:26:15
28.4207,-142.2441,2026-05-11 04:07:40
42.6399,72.5157,2026-05-11 15:03:39
8.5011,120.898,2026-05-11 20:10:28
-4.0729,106.2737,2026-05-11 21:47:30
-51.5535,160.2962,2026-05-11 23:41:44
-45.8371,-58.7524,2026-05-12 11:59:16
26.4467,-177.2092,2026-05-12 14:38:59
41.3176,28.6879,2026-05-12 17:22:07
-49.8077,-123.5268,2026-05-12 19:53:12
-50.2784,176.5911,2026-05-12 21:19:52
15.5712,-94.6738,2026-05-12 23:24:02
9.2455,-123.0863,2026-05-13 00:54:49
7.444,164.7836,2026-05-13 05:32:52
46.6433,46.8189,2026-05-13 16:38:09
31.255,-26.9479,2026-05-13 19:37:04
47.7487,-20.5021,2026-05-13 21:17:31
51.5983,-17.8106,2026-05-13 22:55:03
-7.4719,-129.1265,2026-05-14 00:02:35
42.8041,-93.2494,2026-05-14 06:47:28
47.7603,150.7024,2026-05-14 09:40:36
27.7668,69.6425,2026-05-14 12:37:32
46.0234,141.1664,2026-05-14 14:30:12
22.572,127.4779,2026-05-14 17:45:35
50.3516,53.4243,2026-05-14 19:05:37
42.5035,166.786,2026-05-15 07:18:05
-7.8229,71.3249,2026-05-15 10:05:57
43.155,177.544,2026-05-15 12:12:06
16.2135,138.7709,2026-05-15 17:01:02
-31.8103,153.7761,2026-05-15 18:50:13
-43.4112,-132.8355,2026-05-15 20:42:54
-46.7109,-164.6847,2026-05-15 22:13:59
-13.097,-75.7996,2026-05-16 08:39:36
23.5988,77.4919,2026-05-16 11:02:35
21.1902,51.7384,2026-05-16 12:34:38
-51.5513,-75.6768,2026-05-16 13:36:34
-50.5201,-134.4893,2026-05-16 16:40:21
6.6954,128.2829,2026-05-16 17:50:21
38.9181,73.1765,2026-05-16 19:11:43
-13.7406,72.2595,2026-05-16 22:35:46
-40.3854,100.9545,2026-05-16 22:45:37
11.2698,120.5415,2026-05-17 07:05:53
-48.9376,-42.4321,2026-05-17 09:40:34
46.9258,132.783,2026-05-17 13:42:20
11.3805,154.3855,2026-05-17 15:29:10
20.3699,-108.2529,2026-05-17 22:37:47
-45.6224,23.518,2026-05-18 04:12:59
21.9454,40.6844,2026-05-18 12:34:16
-48.9655,-107.5443,2026-05-18 16:46:24
41.2738,-30.1751,2026-05-18 18:53:13
-28.568,97.2242,2026-05-18 21:07:24
6.6687,-36.1712,2026-05-19 16:21:00
6.6985,-83.3564,2026-05-19 19:26:46
40.7292,17.162,2026-05-19 21:29:17
1.6682,-134.1584,2026-05-19 22:30:52
48.9556,-98.3024,2026-05-20 00:22:19
2.5629,-63.3511,2026-05-20 05:27:21
33.4451,88.0635,2026-05-20 09:32:00
15.8438,23.8876,2026-05-20 12:31:30
-51.6118,-142.3646,2026-05-20 16:41:41
-15.7406,97.6125,2026-05-20 19:29:21
50.208,25.12,2026-05-21 18:17:05
-32.2017,-150.553,2026-05-21 20:45:41
-49.0421,105.7807,2026-05-21 22:02:20
-45.8192,139.0964,2026-05-21 23:45:24
37.2424,40.6234,2026-05-22 19:10:23
3.36,48.3592,2026-05-22 20:55:10
-10.6221,34.7941,2026-05-22 22:32:40
36.0649,48.2563,2026-05-23 18:24:02
-50.7128,126.9416,2026-05-23 20:30:22
-19.5666,-173.4176,2026-05-23 22:22:20
11.6692,1.0615,2026-05-23 23:11:22
16.5327,168.472,2026-05-24 11:32:45
23.1393,-16.9292,2026-05-24 14:05:24
49.9774,7.196,2026-05-24 15:50:32
-8.4333,-87.9903,2026-05-24 17:00:37
46.9329,-75.7082,2026-05-24 20:26:52
44.474,-31.4536,2026-05-24 22:12:04
6.4387,-171.7714,2026-05-24 23:17:02
19.8525,-117.4896,2026-05-25 06:06:09
41.4828,145.9522,2026-05-25 10:36:33
-25.3019,-72.2111,2026-05-25 14:35:09
50.4362,-23.2764,2026-05-25 19:48:10
40.9227,-18.2401,2026-05-25 21:26:56
-31.3767,23.9856,2026-05-25 23:25:10
12.8262,-82.2949,2026-05-26 03:48:48
-4.6973,-140.4482,2026-05-26 08:33:13
21.8971,-53.3127,2026-05-26 15:37:02
22.0702,-13.067,2026-05-26 22:20:11
-43.9053,126.1753,2026-05-27 17:18:08
47.254,-80.4081,2026-05-27 19:39:23
35.4432,-150.8565,2026-05-27 22:39:31
31.6513,-111.1247,2026-05-28 03:41:22
42.6958,161.5057,2026-05-28 08:15:24
-51.3796,-125.6445,2026-05-28 11:58:38
51.612,-44.5406,2026-05-28 18:57:49
-40.6673,144.7152,2026-05-28 21:25:48
42.6582,-74.4354,2026-05-28 23:44:10
42.9328,133.0376,2026-05-29 04:07:23
-23.3098,0.7357,2026-05-29 08:22:38
21.4434,123.4131,2026-05-29 12:15:24
-47.4222,158.5223,2026-05-29 19:02:30
45.9035,-119.6063,2026-05-29 21:10:34
19.4645,-110.905,2026-05-30 03:44:49
20.1442,16.2678,2026-05-30 09:23:10
-51.2769,-121.7096,2026-05-30 12:00:21
-0.6667,-70.1949,2026-05-30 13:54:50
-15.5638,-104.7578,2026-05-30 15:22:46
18.7676,-102.8969,2026-05-30 17:07:04
-50.8205,98.7784,2026-05-30 19:41:05
-31.6254,145.8269,2026-05-30 21:28:35
24.7405,-38.8079,2026-05-30 22:17:28
18.6413,-26.2166,2026-05-31 11:41:29
-38.6355,163.9067,2026-05-31 12:35:16
46.739,-19.1928,2026-05-31 18:15:33
-14.8488,20.9489,2026-05-31 20:10:55
-50.5482,55.5215,2026-05-31 21:59:33
-11.0983,123.0436,2026-05-31 23:54:35
35.1804,91.0972,2026-06-01 04:49:05
29.1488,39.5541,2026-06-01 16:03:26
35.4636,168.2642,2026-06-01 23:23:39
-7.0232,-80.3832,2026-06-02 13:04:52
50.8512,-74.8253,2026-06-02 18:06:50
46.4803,-77.2675,2026-06-02 21:20:28
-40.366,-10.0771,2026-06-02 23:25:08
-41.3936,-157.0951,2026-06-03 15:11:07
38.0915,-77.7588,2026-06-03 22:10:27
51.1521,30.6628,2026-06-04 11:58:09
-51.5939,139.7303,2026-06-04 15:48:17
34.4895,-19.5208,2026-06-04 18:19:13
-12.748,145.7564,2026-06-04 20:46:17
34.5489,-90.3988,2026-06-04 22:57:48
-7.4673,-78.6381,2026-06-05 00:45:04
-25.9209,-7.0147,2026-06-05 05:58:58
50.9085,15.3857,2026-06-05 12:44:27
-12.2341,48.8877,2026-06-05 16:15:20
-37.2473,150.8844,2026-06-05 18:17:36
42.4521,-156.4439,2026-06-05 20:18:52
7.9898,143.1187,2026-06-05 21:39:02
18.9282,127.9653,2026-06-05 23:15:35
-19.9172,28.0131,2026-06-06 03:41:13
-38.7019,-87.3226,2026-06-06 09:45:40
48.2395,35.4023,2026-06-06 12:00:01
-15.0695,80.669,2026-06-06 13:56:26
30.0193,-144.7547,2026-06-06 17:53:55
51.5272,-113.1816,2026-06-06 19:39:02
43.0774,-172.7711,2026-06-06 21:05:03
-41.7718,54.9825,2026-06-06 23:40:07
-51.4467,-64.6629,2026-06-07 04:09:29
19.7381,131.5773,2026-06-07 08:19:17
37.4929,-58.5082,2026-06-07 12:31:14
-48.9572,112.6603,2026-06-07 14:56:29
-50.8845,100.0403,2026-06-07 16:31:19
21.7399,-170.4289,2026-06-07 18:36:51
44.882,-90.2691,2026-06-07 20:32:17
22.0558,-82.8267,2026-06-07 22:14:18
-47.3078,-141.1958,2026-06-08 11:13:06
-8.3851,-6.7701,2026-06-08 18:31:42
-17.3058,118.9828,2026-06-08 20:42:32
37.563,142.4012,2026-06-08 22:34:20
-5.8923,-102.9756,2026-06-09 00:42:20
-42.1318,143.1028,2026-06-09 16:40:21
48.601,-139.3952,2026-06-09 18:47:17
-44.9048,-6.029,2026-06-09 21:04:14
6.9425,95.5714,2026-06-09 23:09:19
41.5152,-88.711,2026-06-10 19:45:46
-22.1463,79.7044,2026-06-10 22:12:34
47.7625,-36.0488,2026-06-11 11:01:11
-10.8784,-170.806,2026-06-11 15:17:54
45.5816,-160.5174,2026-06-11 18:44:10
49.5581,166.0071,2026-06-11 21:52:36
38.201,-147.9038,2026-06-11 23:38:47
40.5483,-98.5354,2026-06-12 19:45:00
-31.0236,59.3016,2026-06-12 22:08:09
34.6744,34.2929,2026-06-13 11:16:05
51.1196,-32.9413,2026-06-13 12:39:29
24.5682,-178.9951,2026-06-13 17:01:24
-43.3328,93.9179,2026-06-13 18:10:12
-1.8674,-99.3856,2026-06-13 22:18:43
-40.7684,4.4983,2026-06-14 00:22:52
31.1078,115.4361,2026-06-14 05:51:48
43.7701,-52.4041,2026-06-14 10:10:36
-49.2717,153.0805,2026-06-14 12:40:55
-43.2241,147.3658,2026-06-14 14:17:28
26.4358,-44.8258,2026-06-14 16:43:32
-29.9221,72.5646,2026-06-14 20:34:27
-49.2189,135.743,2026-06-15 13:26:44
22.1492,143.6463,2026-06-15 18:32:08
-5.7755,-131.7496,2026-06-15 23:51:35
46.2168,-57.9083,2026-06-16 10:10:38
7.5518,161.7385,2026-06-16 16:07:15
50.8604,158.7344,2026-06-16 22:41:33
31.9589,65.1874,2026-06-17 00:00:02
14.7702,-40.23,2026-06-17 15:59:10
50.9839,140.476,2026-06-17 21:50:22
51.3233,136.3771,2026-06-17 23:26:30
15.4364,59.6697,2026-06-18 09:00:23
-19.5696,177.3039,2026-06-18 12:51:10
-2.7173,-45.0546,2026-06-18 16:50:42
20.055,-109.2912,2026-06-18 19:48:50
47.6912,106.2874,2026-06-18 22:33:04
12.6238,-174.1322,2026-06-19 00:29:55
8.6444,94.4433,2026-06-19 06:42:41
-44.6513,150.7137,2026-06-19 11:54:07
21.176,166.9124,2026-06-19 15:23:23
45.8443,-162.0871,2026-06-19 20:24:12
-35.9406,24.5787,2026-06-19 21:15:12
26.6858,179.8843,2026-06-19 23:37:58
3.8644,11.998,2026-06-20 00:34:43
10.8941,98.8155,2026-06-20 05:54:49
7.9849,-150.2179,2026-06-20 11:26:05
-5.2912,153.1122,2026-06-20 14:27:25
-0.3091,-58.2907,2026-06-20 16:48:30
-17.4391,-69.1686,2026-06-20 18:27:03
-8.9282,56.0865,2026-06-20 20:37:38
50.0353,117.633,2026-06-21 00:12:38
34.1375,-49.6063,2026-06-21 06:09:32
-51.4387,119.8971,2026-06-21 10:12:02
-46.5108,110.7315,2026-06-21 13:24:31
-14.2743,-42.0426,2026-06-21 16:05:59
51.5601,149.2685,2026-06-21 20:16:06
51.5823,126.4848,2026-06-21 21:49:05
27.9459,167.0938,2026-06-21 23:36:05
-3.9394,27.1612,2026-06-22 10:36:50
5.9482,126.0006,2026-06-22 16:02:32
-44.5787,-70.0623,2026-06-22 20:09:04
30.5322,146.7763,2026-06-23 00:20:50
-44.8907,149.1041,2026-06-23 05:26:22
50.8849,-66.1781,2026-06-23 09:23:06
-5.2625,-13.042,2026-06-23 12:55:49
-25.8594,-43.6134,2026-06-23 16:08:31
-26.7832,-113.4978,2026-06-23 20:47:25
-8.8752,-152.0051,2026-06-23 22:14:09
-51.201,87.5521,2026-06-24 10:55:42
-39.1918,2.3808,2026-06-24 13:53:37
32.5446,66.9986,2026-06-24 20:48:50
-16.8456,-163.458,2026-06-24 23:02:29
3.5888,87.1486,2026-06-25 05:07:08
-48.2099,76.6091,2026-06-25 10:05:27
46.6843,-143.7981,2026-06-25 12:23:46
-12.7556,-66.2189,2026-06-25 16:02:30
37.9003,103.8143,2026-06-25 18:30:55
39.3139,35.2414,2026-06-25 23:10:05
-51.1181,51.565,2026-06-26 12:26:52
-48.4641,-10.7696,2026-06-26 15:29:51
-6.1478,-112.2377,2026-06-26 18:18:49
-42.966,-15.609,2026-06-26 20:20:30
-10.8964,-3.4732,2026-06-26 22:05:21
10.4615,-11.6796,2026-06-26 23:45:16
-45.6537,-139.8291,2026-06-27 04:03:22
-27.6228,-159.307,2026-06-27 07:16:43
-41.1363,47.4685,2026-06-27 10:00:02
-33.8183,122.9314,2026-06-27 11:52:57
38.5215,140.4745,2026-06-27 15:23:55
23.4331,-128.6494,2026-06-27 17:21:44
12.792,19.7272,2026-06-27 21:25:59
17.3341,142.1993,2026-06-27 23:35:14
-33.4178,112.8567,2026-06-28 04:31:03
13.575,-144.8459,2026-06-28 08:16:12
-20.7297,142.3899,2026-06-28 11:10:29
14.9914,-91.8946,2026-06-28 15:04:33
44.9606,135.3627,2026-06-28 16:12:34
-33.5876,11.2983,2026-06-28 18:50:05
-34.2948,-13.19,2026-06-28 20:22:39
43.1043,117.227,2026-06-28 22:38:08
8.3411,137.6072,2026-06-29 23:36:38
20.2017,-174.5635,2026-06-30 09:49:41
16.4145,135.1214,2026-06-30 12:54:05
39.5081,113.0503,2026-06-30 16:08:20
-47.7489,-27.438,2026-06-30 18:41:45
-46.0106,-135.9711,2026-06-30 21:36:28
2.7044,-40.2401,2026-06-30 23:39:28
-49.0541,69.1277,2026-07-01 08:28:27
3.8462,-65.4468,2026-07-01 12:46:31
-30.2059,-85.057,2026-07-01 16:03:47
47.3273,89.3714,2026-07-01 18:30:46
49.6701,115.3826,2026-07-01 20:12:18
29.0482,132.1138,2026-07-01 21:55:01
-35.4824,163.3706,2026-07-01 23:50:03
46.3206,-55.228,2026-07-02 03:47:14
-39.2538,145.5246,2026-07-02 07:54:31
-18.9293,120.9855,2026-07-02 11:07:48
44.8223,159.2903,2026-07-02 13:03:29
-5.4259,-170.7599,2026-07-02 19:46:33
33.4643,133.1325,2026-07-02 21:06:05
-41.0714,-93.5423,2026-07-02 23:22:12
51.6107,29.9154,2026-07-03 00:00:01
-34.6347,-44.0355,2026-07-03 12:58:04
51.4349,148.3477,2026-07-03 15:27:33
49.9814,65.211,2026-07-03 20:03:58
-28.401,-46.8602,2026-07-03 21:07:08
3.7962,117.9705,2026-07-03 23:34:46
-2.0593,-119.7852,2026-07-04 03:27:29
38.1061,-32.3203,2026-07-04 07:06:52
10.5348,154.8832,2026-07-04 09:43:02
-25.8994,-71.2828,2026-07-04 13:40:23
-49.4189,-9.7803,2026-07-04 15:31:24
38.1863,138.798,2026-07-04 19:29:37
-49.5832,-146.1733,2026-07-04 21:35:33
-42.1042,-177.708,2026-07-05 03:58:32
38.0466,-49.7468,2026-07-05 07:52:27
35.4424,-116.8105,2026-07-05 12:32:03
51.6083,142.1664,2026-07-05 15:26:41
-50.9469,-36.7608,2026-07-05 16:15:16
12.0961,20.5639,2026-07-05 18:13:19
-21.3193,172.6166,2026-07-05 20:35:42
-49.098,-120.2229,2026-07-05 22:28:36
10.0606,-133.9545,2026-07-06 14:59:24
51.5292,97.7488,2026-07-06 17:44:31
-3.6845,-31.9184,2026-07-06 20:26:29
-39.1024,-113.0612,2026-07-06 23:19:34
23.0369,-138.3594,2026-07-07 14:07:41
-41.4855,-150.7256,2026-07-07 19:08:49
2.9377,119.3101,2026-07-07 21:58:40
50.482,29.1953,2026-07-07 23:11:54
28.6956,-70.776,2026-07-08 00:28:39
-42.2288,153.1078,2026-07-08 04:42:13
19.9489,163.0491,2026-07-08 08:09:47
-50.3656,0.4799,2026-07-08 10:42:50
34.1693,106.78,2026-07-08 12:53:28
28.3115,29.2874,2026-07-08 17:29:48
-16.4603,163.2246,2026-07-08 19:44:55
-51.5686,-151.4905,2026-07-08 21:34:59
22.1713,-101.8135,2026-07-09 11:00:28
-50.021,-66.2712,2026-07-09 14:33:39
11.2616,172.6289,2026-07-09 17:15:32
-26.5529,178.2102,2026-07-09 19:01:04
-30.1864,-83.0543,2026-07-09 21:01:05
-8.2352,-87.716,2026-07-09 22:41:30
32.9066,-35.9567,2026-07-10 05:30:41
51.5051,-144.0944,2026-07-10 08:23:40
-49.1575,4.3271,2026-07-10 12:20:30
47.4928,97.4549,2026-07-10 14:30:44
9.8155,2.1074,2026-07-10 17:21:34
20.2103,100.8285,2026-07-10 21:03:41
2.287,90.8561,2026-07-10 22:42:31
43.5929,23.9606,2026-07-11 00:00:13
27.3835,-47.364,2026-07-11 06:18:13
-46.629,3.4509,2026-07-11 08:17:52
-0.1441,-72.5754,2026-07-11 09:33:12
-2.7132,70.0038,2026-07-11 11:51:32
51.4359,126.2666,2026-07-11 13:47:27
-10.5915,17.1107,2026-07-11 14:54:37
-28.3867,-167.7442,2026-07-11 17:27:00
-50.2306,-113.04,2026-07-11 19:16:21
-51.2622,73.3887,2026-07-12 06:04:46
-40.1982,-51.7825,2026-07-12 10:32:55
-0.6307,30.3924,2026-07-12 14:10:32
4.1041,-163.8691,2026-07-12 14:55:48
4.5722,172.203,2026-07-12 16:28:29
37.0407,17.0811,2026-07-12 17:29:22
25.0074,108.7171,2026-07-12 19:27:15
46.9516,51.1714,2026-07-12 20:50:46
-15.1371,-98.2277,2026-07-12 21:49:55
-37.439,91.494,2026-07-13 00:27:18
-29.8053,34.7087,2026-07-13 03:30:01
-45.6523,81.4835,2026-07-13 06:55:00
34.0836,19.1798,2026-07-13 16:40:47
-37.7948,168.9048,2026-07-13 19:01:32
-24.4176,-100.0204,2026-07-13 20:59:20
-42.105,129.0486,2026-07-13 22:09:07
39.2606,26.7607,2026-07-13 23:12:54
-4.1221,-131.1406,2026-07-14 00:11:52
11.2095,8.3101,2026-07-14 02:28:46
-31.1791,111.4776,2026-07-14 06:13:56
37.6519,148.1491,2026-07-14 08:10:37
41.4212,107.2106,2026-07-14 11:17:57
-45.1002,-5.3771,2026-07-14 12:19:16
-20.5096,179.5631,2026-07-14 16:34:53
-17.1829,-64.0589,2026-07-14 18:41:36
-14.9579,-85.8817,2026-07-14 20:15:11
44.2477,23.3076,2026-07-14 22:23:10
-15.9053,-133.8142,2026-07-14 23:20:33
50.877,145.7968,2026-07-15 12:13:51
26.8249,148.8581,2026-07-15 15:31:33
42.2262,104.4734,2026-07-15 16:58:14
-48.9559,160.0266,2026-07-15 20:38:16
4.3092,49.1456,2026-07-15 23:23:23
-30.0097,29.6533,2026-07-16 02:40:43
-8.6702,119.8236,2026-07-16 06:19:44
42.0515,-131.1138,2026-07-16 08:26:41
46.0001,172.7065,2026-07-16 11:30:20
-13.1267,22.122,2026-07-16 12:29:36
-40.1101,-53.7623,2026-07-16 15:25:22
0.7867,128.538,2026-07-16 17:58:36
-19.559,120.1928,2026-07-16 19:38:13
-26.1057,-130.4966,2026-07-16 21:42:10
-19.9619,93.522,2026-07-17 07:01:20
-42.5566,-4.9843,2026-07-17 11:31:08
-0.5701,-177.2032,2026-07-17 14:05:56
48.4305,100.2732,2026-07-17 15:19:51
-39.8485,-94.3924,2026-07-17 17:43:43
-26.4475,-101.1265,2026-07-17 19:21:46
51.1287,-9.4784,2026-07-17 21:28:26
-38.6814,100.3299,2026-07-17 22:03:35
-34.868,71.2728,2026-07-17 23:34:51
37.1338,-134.2768,2026-07-18 08:26:48
5.8195,71.6283,2026-07-18 09:28:08
25.9871,64.383,2026-07-18 11:07:49
2.7505,-173.4434,2026-07-18 13:17:23
51.4815,62.5378,2026-07-18 16:01:39
-50.3626,161.9561,2026-07-18 19:50:06
-49.2698,132.5534,2026-07-18 21:21:53
43.936,-75.5715,2026-07-18 22:04:58
-7.7645,-136.2321,2026-07-19 11:00:34
-23.6516,-147.0914,2026-07-19 12:38:47
51.411,56.7475,2026-07-19 15:12:12
-51.4387,-134.584,2026-07-19 15:58:43
-50.3602,-168.3495,2026-07-19 17:29:48
51.2029,6.7711,2026-07-19 18:17:24
-47.8148,164.9739,2026-07-19 22:15:59
50.8483,-41.8391,2026-07-19 22:59:38
4.106,-159.4031,2026-07-20 00:08:28
27.3433,172.3311,2026-07-20 03:22:02
5.4444,-92.3532,2026-07-20 07:03:04
-13.5681,-125.782,2026-07-20 10:15:01
24.9802,157.6312,2026-07-20 13:07:47
7.3322,124.7335,2026-07-20 16:19:27
-51.5913,-167.3962,2026-07-20 18:18:18
-17.0895,71.8476,2026-07-20 21:06:03
15.1373,24.5032,2026-07-20 22:28:11
40.1058,-117.9607,2026-07-20 23:33:53
-50.7898,-82.2901,2026-07-21 11:16:52
-15.2103,170.8417,2026-07-21 14:06:36
-25.4265,156.0404,2026-07-21 15:42:57
-11.2211,-87.4015,2026-07-21 17:49:57
31.025,39.557,2026-07-21 20:02:17
29.7211,17.4097,2026-07-21 21:35:36
-40.2097,56.5439,2026-07-21 23:32:52
51.1611,67.9666,2026-07-22 14:25:20
29.4276,94.6278,2026-07-22 16:09:43
41.4516,-32.5405,2026-07-22 17:21:00
15.7356,59.8746,2026-07-22 19:20:10
-6.7714,-172.3709,2026-07-22 23:15:16
44.9145,-166.7538,2026-07-23 02:39:43
39.3589,87.9041,2026-07-23 08:48:24
28.2456,26.4876,2026-07-23 11:49:44
-22.6612,-84.4326,2026-07-23 16:11:04
-50.9669,-162.9796,2026-07-23 17:30:16
20.0198,-99.1444,2026-07-23 19:31:00
16.2503,18.4128,2026-07-23 21:38:09
19.8873,-8.166,2026-07-23 23:09:44
6.3003,179.49,2026-07-24 00:04:54
50.8539,152.0076,2026-07-24 06:35:11
51.6121,117.3973,2026-07-24 09:42:58
4.6335,-10.4366,2026-07-24 12:27:00
-20.0986,-52.4714,2026-07-24 13:51:37
-12.3142,-69.8385,2026-07-24 15:27:04
-9.8371,90.7775,2026-07-24 17:53:37
-33.1785,152.8327,2026-07-24 23:03:53
-38.4916,172.6246,2026-07-25 14:10:44
49.9966,10.8745,2026-07-25 15:03:38
-33.9647,-131.237,2026-07-25 17:37:34
51.4864,-12.6336,2026-07-25 18:13:19
20.2069,-110.3091,2026-07-25 19:28:50
45.6908,-30.8603,2026-07-25 21:24:19
-38.9176,150.989,2026-07-25 22:14:02
-39.7825,33.1625,2026-07-25 23:28:17
50.3426,4.6953,2026-07-26 17:27:42
50.0854,-53.2589,2026-07-26 18:54:41
-51.0653,74.8774,2026-07-26 22:48:01
14.1297,-179.8698,2026-07-26 23:17:44
-51.3826,21.9797,2026-07-27 03:29:31
-28.9813,28.3326,2026-07-27 06:47:22
-20.5144,-34.4163,2026-07-27 11:28:51
42.9448,34.981,2026-07-27 16:45:00
17.7962,41.7126,2026-07-27 18:27:28
-32.0824,172.5611,2026-07-27 20:41:41
40.6419,-144.8753,2026-07-27 22:39:58
38.5296,-75.0846,2026-07-28 00:31:08
45.83,84.7196,2026-07-28 07:59:31
42.0736,29.0457,2026-07-28 11:03:15
-16.7915,144.267,2026-07-28 13:12:55
-40.725,100.3892,2026-07-28 18:00:23
-51.5694,118.5397,2026-07-28 19:41:23
33.9263,-172.2613,2026-07-28 23:22:27
36.3865,-162.8447,2026-07-29 22:35:51
-19.0507,79.6179,2026-07-30 02:55:20
-14.5643,36.0502,2026-07-30 06:02:30
-33.1815,-28.7788,2026-07-30 09:01:34
-51.4784,-126.3788,2026-07-30 11:56:20
45.1569,-22.6772,2026-07-30 14:08:08
-41.4503,153.7656,2026-07-30 19:47:55
49.532,-125.9477,2026-07-30 21:55:11
37.6856,-78.9447,2026-07-30 23:41:34
-0.6221,-91.3095,2026-07-31 03:00:39
-38.5056,-103.309,2026-07-31 06:19:41
38.0885,17.0738,2026-07-31 10:11:34
2.735,124.7706,2026-07-31 12:16:30
11.5,-80.3737,2026-07-31 14:40:29
23.7654,37.553,2026-07-31 16:47:54
-38.0692,141.9997,2026-07-31 20:34:38
-14.6344,142.6575,2026-07-31 22:15:59
-29.8758,-59.8407,2026-08-01 10:33:16
23.4401,114.7747,2026-08-01 11:21:56
25.3889,-62.6146,2026-08-01 13:57:37
-16.8387,74.5462,2026-08-01 16:13:53
-50.8568,109.888,2026-08-01 18:02:12
29.2266,-153.0984,2026-08-01 20:10:18
-9.6231,-25.3505,2026-08-01 22:22:45
30.5157,-81.0417,2026-08-01 23:41:59
-1.677,-171.9214,2026-08-02 19:12:13
35.4144,-57.2646,2026-08-02 21:19:39
-6.1957,137.673,2026-08-02 22:16:23
-14.2535,-39.2842,2026-08-02 23:09:30
21.1026,-89.2925,2026-08-03 00:30:33
29.3398,-144.3679,2026-08-03 03:33:16
41.7349,127.6115,2026-08-03 08:06:44
-38.4309,157.0968,2026-08-03 11:40:55
-33.0302,102.525,2026-08-03 14:44:24
-45.1574,75.791,2026-08-03 17:55:24
34.9042,-157.6713,2026-08-03 20:10:01
-9.1484,141.6853,2026-08-03 21:27:46
23.5283,142.8358,2026-08-03 23:11:29
-50.9404,-65.7918,2026-08-04 04:49:40
-42.9639,-141.4837,2026-08-04 07:49:41
-45.1083,-112.4946,2026-08-04 11:09:31
-5.4801,37.2988,2026-08-04 16:52:50
3.8307,-179.2775,2026-08-04 19:11:34
45.843,-178.8318,2026-08-04 22:33:00
50.9249,61.2716,2026-08-05 07:54:01
20.999,-41.9638,2026-08-05 10:45:33
12.6888,77.5346,2026-08-05 12:53:31
27.6399,17.4323,2026-08-05 15:54:00
4.0175,13.1227,2026-08-05 17:34:52
-47.5449,81.6038,2026-08-05 21:10:11
40.1956,151.7965,2026-08-05 23:15:23
-19.096,-134.8453,2026-08-06 04:32:19
-51.5178,-116.7523,2026-08-06 07:54:05
-37.7696,-109.8117,2026-08-06 11:10:27
51.3704,-7.5591,2026-08-06 13:20:53
-47.937,132.2071,2026-08-07 13:13:37
-40.348,157.8556,2026-08-07 16:32:57
21.5027,-170.718,2026-08-07 18:27:18
-51.5394,61.2617,2026-08-07 19:29:04
3.4398,151.7726,2026-08-07 19:54:05
-15.8659,-54.3636,2026-08-07 22:17:24
-46.8577,48.9371,2026-08-07 22:40:55
-42.6834,11.9598,2026-08-08 01:48:48
38.5728,43.5384,2026-08-08 05:23:26
-1.201,176.8724,2026-08-08 05:56:37
5.2963,148.6647,2026-08-08 07:27:18
-51.5709,-126.4697,2026-08-08 07:51:48
5.9306,-58.7403,2026-08-08 09:50:17
-48.5653,164.2958,2026-08-08 10:53:33
20.6956,-70.8914,2026-08-08 11:28:03
50.1535,-8.4659,2026-08-08 13:20:08
-23.4487,76.1759,2026-08-08 13:48:12
34.6649,-103.5525,2026-08-08 14:38:46
-51.6039,117.2359,2026-08-08 15:36:11
-41.2882,138.7654,2026-08-08 17:17:40
-9.4366,148.7286,2026-08-08 19:02:09
-50.7915,34.5767,2026-08-08 20:12:37
39.8384,-121.2322,2026-08-08 22:43:07
-47.0542,-100.4065,2026-08-09 03:53:33
16.4146,-21.0868,2026-08-09 07:33:16
49.9295,69.7406,2026-08-09 07:54:12
-16.5701,-69.027,2026-08-09 08:55:09
-42.518,154.1091,2026-08-09 10:02:23
10.9605,-72.4701,2026-08-09 10:37:05
-10.9218,48.5444,2026-08-09 14:29:03
-25.2428,60.4387,2026-08-09 14:33:57
-23.3932,35.1262,2026-08-09 16:06:07
42.2102,-132.6471,2026-08-09 16:59:55
2.9775,-8.62,2026-08-09 17:30:06
-9.8547,-23.0127,2026-08-09 19:07:10
-3.6135,-51.1184,2026-08-09 20:37:55
31.5435,-103.6265,2026-08-09 21:58:45
6.6674,95.6741,2026-08-09 22:58:13
-33.6118,38.4966,2026-08-10 00:17:15
50.9745,116.166,2026-08-10 02:22:51
-39.2397,-134.8362,2026-08-10 04:34:43
-33.2492,-166.833,2026-08-10 06:05:06
-48.8079,-110.6299,2026-08-10 07:53:55
-48.7183,-133.8537,2026-08-10 09:26:48
47.2766,15.9198,2026-08-10 11:46:59
-19.7883,61.7309,2026-08-10 13:44:20
-28.7033,46.4896,2026-08-10 15:20:19
44.4682,-121.6442,2026-08-10 16:13:20
-27.8386,-1.5824,2026-08-10 18:25:38
35.5663,-78.8694,2026-08-10 19:36:39
-18.7522,-33.4891,2026-08-10 19:55:16
-2.1846,-93.1296,2026-08-10 22:55:22
15.1963,-129.4125,2026-08-11 00:22:25
-51.272,-72.7923,2026-08-11 03:57:48
-6.6948,175.7449,2026-08-11 05:08:08
47.7006,11.4885,2026-08-11 07:43:24
45.8648,-17.6129,2026-08-11 09:15:05
31.6625,-65.1064,2026-08-11 10:41:40
-11.1811,84.6889,2026-08-11 11:20:53
30.3263,-90.2059,2026-08-11 12:13:59
8.349,-23.7086,2026-08-11 17:25:42
0.6097,-41.7515,2026-08-11 19:01:05
-39.6326,-27.475,2026-08-11 20:48:10
-47.4584,-33.4023,2026-08-11 22:25:01
31.1927,-138.0357,2026-08-11 23:29:04
-42.8005,55.2889,2026-08-12 15:23:26
33.3857,-40.0977,2026-08-12 16:29:14
-39.927,-20.796,2026-08-12 20:00:33
-12.4184,-73.3061,2026-08-12 21:23:17
36.8467,-139.0446,2026-08-12 22:39:08
0.4637,-153.3992,2026-08-13 01:57:28
-35.5998,167.5735,2026-08-13 06:48:28
-8.3571,-85.2162,2026-08-13 08:52:37
4.4641,-99.6466,2026-08-13 10:29:39
34.0132,-97.0653,2026-08-13 12:12:43
-45.8333,159.697,2026-08-13 13:16:45
-23.1945,144.9619,2026-08-13 16:31:41
49.3251,-91.2123,2026-08-13 17:06:22
-50.4946,16.1466,2026-08-13 19:19:14
-24.14,73.332,2026-08-13 21:09:48
-37.566,-65.5146,2026-08-13 22:17:26
-20.4876,53.0,2026-08-13 22:43:53
-31.2547,26.8542,2026-08-14 15:15:55
5.625,173.027,2026-08-14 15:53:33
-46.8315,68.7117,2026-08-14 18:39:39
17.5202,-82.9301,2026-08-14 19:37:50
-3.7383,95.6056,2026-08-14 20:28:55
-49.4179,-30.8283,2026-08-14 21:36:02
-32.4756,-89.6578,2026-08-14 23:00:28
38.5512,-176.3876,2026-08-15 00:08:32
14.7662,-175.0847,2026-08-15 01:50:02
-17.6188,-174.7803,2026-08-15 03:33:36
-48.2837,-129.8964,2026-08-15 03:46:24
49.1445,41.7871,2026-08-15 04:33:28
45.7659,6.8776,2026-08-15 06:04:02
-15.1281,112.4683,2026-08-15 08:11:12
-51.5229,-178.9287,2026-08-15 08:28:42
10.4683,70.251,2026-08-15 09:35:33
22.158,-120.6696,2026-08-15 12:05:42
-43.176,154.7716,2026-08-15 13:15:26
41.0763,-121.2487,2026-08-15 13:45:46
-29.2083,30.7923,2026-08-15 14:27:23
23.7529,-34.9365,2026-08-15 15:42:17
26.7909,172.913,2026-08-15 16:45:47
-43.4337,4.4271,2026-08-15 17:38:55
-3.8129,-61.0247,2026-08-15 18:57:09
23.5638,122.6629,2026-08-15 19:50:16
-10.0847,-80.0657,2026-08-15 20:32:02
-5.7475,-106.8137,2026-08-15 22:03:25
-45.3502,-109.0385,2026-08-16 01:23:59
-47.7402,-93.1054,2026-08-16 04:41:00
1.279,106.6664,2026-08-16 07:17:59
5.7794,-80.1242,2026-08-16 08:06:47
-4.9286,87.4907,2026-08-16 08:52:51
49.6678,-43.9055,2026-08-16 09:57:24
-15.585,-142.8676,2026-08-16 11:05:21
-16.7773,-167.4044,2026-08-16 12:37:46
-4.7519,178.0335,2026-08-16 14:14:35
45.444,-129.289,2026-08-16 14:32:58
-23.2087,-16.0697,2026-08-16 16:43:05
23.1576,152.0765,2026-08-16 17:29:32
36.8912,143.8706,2026-08-16 19:07:27
-47.9548,-24.3456,2026-08-16 19:59:21
-18.6319,49.5616,2026-08-16 21:54:01
-18.2971,-161.8303,2026-08-17 01:58:16
21.6144,144.4872,2026-08-17 03:17:46
43.4927,92.6485,2026-08-17 04:41:59
13.2707,-44.8002,2026-08-17 05:48:40
13.6585,-68.089,2026-08-17 07:21:37
-47.0449,143.9647,2026-08-17 08:21:16
48.8917,6.2257,2026-08-17 09:17:11
-6.3395,-129.7343,2026-08-17 10:20:39
-36.3804,178.7121,2026-08-17 11:42:52
-48.4382,129.0578,2026-08-17 13:09:36
6.6472,3.661,2026-08-18 01:53:03
31.6312,1.7943,2026-08-18 03:34:29
22.589,126.2378,2026-08-18 04:02:26
17.2583,-35.4606,2026-08-18 05:02:13
-19.6252,111.1321,2026-08-18 07:22:11
1.8715,71.4738,2026-08-18 08:47:49
51.5509,-31.2521,2026-08-18 09:58:41
27.5697,3.5645,2026-08-18 11:44:44
13.1989,179.8273,2026-08-18 14:17:44
-45.0779,26.8129,2026-08-18 15:16:23
-42.0317,-3.4103,2026-08-18 16:47:39
51.2199,-143.6391,2026-08-18 17:43:41
50.5585,168.6083,2026-08-18 19:12:25
9.8265,82.9461,2026-08-18 20:27:51
38.1815,-174.6052,2026-08-18 22:30:20
41.576,132.4861,2026-08-19 01:34:28
51.3823,35.0218,2026-08-19 04:30:39
-51.3678,-142.4699,2026-08-19 05:19:28
3.6618,-63.0357,2026-08-19 05:42:42
19.2587,-74.7812,2026-08-19 07:20:42
2.8985,76.949,2026-08-19 07:59:40
25.5746,35.3272,2026-08-19 09:24:49
-3.6348,57.9998,2026-08-19 09:34:38
44.0807,-90.381,2026-08-19 10:36:01
18.463,166.6252,2026-08-19 15:04:30
-31.2427,-12.9191,2026-08-19 15:55:23
-30.3525,80.6642,2026-08-19 17:53:38
23.4124,-104.1649,2026-08-19 18:42:27
-32.763,54.2963,2026-08-19 19:25:32
-18.9998,44.2791,2026-08-19 21:03:17
31.4102,-159.4739,2026-08-19 21:45:12
0.1896,35.0499,2026-08-19 22:42:29
43.6634,87.3037,2026-08-20 03:51:16
-36.7464,-92.4323,2026-08-20 04:40:50
-0.4646,109.1283,2026-08-20 05:40:08
-45.8096,135.4522,2026-08-20 07:29:54
-0.5353,-106.9805,2026-08-20 07:59:07
-2.6028,63.4732,2026-08-20 08:46:28
-2.3572,39.7126,2026-08-20 10:19:12
-20.9322,-169.637,2026-08-20 10:57:55
50.7776,-56.304,2026-08-20 11:30:19
-51.4606,69.2362,2026-08-20 13:46:20
-13.7527,125.4445,2026-08-20 15:38:48
-49.9938,46.2564,2026-08-20 16:56:05
31.9536,138.7187,2026-08-20 17:27:05
51.0479,-176.5821,2026-08-20 19:13:58
28.6039,87.8433,2026-08-20 20:31:28
-50.3499,-26.6109,2026-08-20 21:34:09
48.9934,78.3456,2026-08-20 23:46:31
-51.598,173.7579,2026-08-21 06:47:55
-34.0837,97.2587,2026-08-21 08:09:33
44.5677,-2.8846,2026-08-21 09:14:13
-49.2941,106.3646,2026-08-21 09:50:02
-51.4125,111.3224,2026-08-21 11:27:45
-37.8584,130.6325,2026-08-21 13:09:24
43.8949,-72.0989,2026-08-21 13:53:00
-34.9743,111.1044,2026-08-21 14:43:23
30.5253,143.3003,2026-08-21 16:38:43
11.1254,102.5382,2026-08-21 18:04:48
1.6382,-98.4248,2026-08-21 18:46:54
-20.9706,55.0254,2026-08-21 19:26:56
-31.4671,-118.171,2026-08-21 22:03:51
40.1371,153.6871,2026-08-21 23:11:38
-35.5039,-136.7428,2026-08-21 23:38:13
34.2923,6.2755,2026-08-22 01:57:00
-38.1778,156.3375,2026-08-22 04:17:45
28.4269,-47.6446,2026-08-22 05:00:25
24.4949,78.5685,2026-08-22 05:28:53
48.0991,16.745,2026-08-22 06:51:27
-5.5188,-121.6924,2026-08-22 07:54:36
28.5491,-19.7795,2026-08-22 11:38:41
5.2495,151.6289,2026-08-22 14:09:23
38.0336,-125.9526,2026-08-22 17:46:15
-36.1152,21.4353,2026-08-22 20:06:19
-30.2056,-136.9605,2026-08-22 22:48:20
48.2546,93.149,2026-08-23 01:25:04
-49.9446,-129.7311,2026-08-23 03:42:55
24.7618,84.5333,2026-08-23 04:40:56
-18.3435,-101.6404,2026-08-23 05:29:39
-49.2163,142.0286,2026-08-23 06:41:27
-22.7968,74.1878,2026-08-23 08:02:31
7.4185,-129.8333,2026-08-23 08:43:49
-5.0901,-162.3399,2026-08-23 10:12:30
-28.0539,32.0654,2026-08-23 11:10:01
32.9225,-154.3146,2026-08-23 11:58:17
-48.925,93.6086,2026-08-23 13:00:40
-6.1634,-33.2689,2026-08-23 14:08:08
10.2452,137.8986,2026-08-23 14:55:59
11.9136,-69.868,2026-08-23 15:34:59
5.3635,110.7563,2026-08-23 16:27:10
19.8521,98.2945,2026-08-23 18:04:50
24.1969,-127.2072,2026-08-23 18:36:25
5.9671,-30.3223,2026-08-24 01:44:14
44.1888,63.8139,2026-08-24 03:45:13
25.3899,66.5697,2026-08-24 05:25:39
-8.9284,92.8866,2026-08-24 05:37:08
0.7167,62.3921,2026-08-24 07:06:46
50.4287,-28.9442,2026-08-24 08:19:20
-35.8185,175.7929,2026-08-24 09:13:51
43.1816,-132.0333,2026-08-24 11:14:46
-48.3621,50.405,2026-08-24 12:04:08
-26.3659,-10.5828,2026-08-24 13:27:09
-17.5491,-42.0002,2026-08-24 14:56:53
39.1854,102.7007,2026-08-24 18:56:59
-47.6757,-69.9663,2026-08-24 19:47:42
11.1107,-157.3859,2026-08-24 20:58:36
48.1523,76.3194,2026-08-24 22:07:16
37.5349,129.3067,2026-08-24 23:54:45
-32.8408,73.4198,2026-08-25 08:03:14
-15.9995,178.3556,2026-08-25 10:05:55
-32.422,115.5843,2026-08-25 13:05:42
-44.7284,1.1173,2026-08-25 19:11:35
32.4788,76.0822,2026-08-25 19:39:12
-47.7897,-54.749,2026-08-25 22:15:23
35.0281,-62.2314,2026-08-26 04:57:02
-13.1306,-126.0146,2026-08-26 06:13:23
-47.584,107.2701,2026-08-26 07:22:12
-46.1035,79.2137,2026-08-26 08:54:06
49.4529,-100.7677,2026-08-26 09:42:50
-46.5825,96.796,2026-08-26 12:11:25
17.0283,-55.1845,2026-08-26 13:09:37
26.182,146.2898,2026-08-26 14:10:34
-50.715,8.1782,2026-08-26 16:46:28
15.6749,-148.4428,2026-08-26 19:21:18
50.7754,105.1687,2026-08-26 22:11:12
-10.4977,-40.8186,2026-08-28 00:00:01
-33.9986,-127.0936,2026-08-29 03:42:14
-18.6303,-9.9715,2026-08-29 10:57:42
-28.4378,-71.6851,2026-08-29 15:39:34
40.0737,64.5634,2026-08-29 19:36:14
17.6191,45.7005,2026-08-30 18:39:55
-51.4854,-93.409,2026-08-30 21:17:18
11.5342,-29.8005,2026-08-30 23:16:17
17.733,-95.7109,2026-08-31 03:56:47
-34.1675,103.6625,2026-08-31 11:23:05
35.7015,175.5306,2026-08-31 18:20:02
35.1268,-1.1143,2026-08-31 22:36:41
-19.7344,171.7629,2026-09-01 07:34:45
-20.5185,76.7602,2026-09-01 13:45:41
-48.1461,-89.2073,2026-09-01 18:03:00
-48.8761,-133.5414,2026-09-01 21:09:09
44.3967,72.2551,2026-09-01 23:39:24
-6.5268,-124.641,2026-09-02 03:45:36
12.8849,178.6207,2026-09-02 08:30:25
51.4622,117.569,2026-09-02 18:07:05
-51.2497,82.5846,2026-09-03 07:13:26
-7.3085,99.54,2026-09-03 12:14:10
-26.7382,12.784,2026-09-03 16:45:56
-7.481,-18.5018,2026-09-03 19:58:06
-42.4673,174.0694,2026-09-03 22:35:02
-2.4224,86.041,2026-09-04 01:26:05
19.1663,-0.7906,2026-09-04 05:57:19
-41.7048,-86.8249,2026-09-04 15:35:28
-18.7811,-161.0519,2026-09-04 18:32:20
-37.4756,171.8037,2026-09-04 21:44:49
-11.2117,-19.2458,2026-09-05 08:24:58
34.3143,-127.8145,2026-09-05 12:47:50
-14.0576,-10.9087,2026-09-05 18:19:53
-14.566,13.1531,2026-09-06 06:05:17
-51.4793,10.4863,2026-09-06 11:01:11
39.609,90.1753,2026-09-06 14:44:57
-14.0904,-4.6766,2026-09-06 17:31:51
15.8159,115.0331,2026-09-06 21:23:12
33.7205,-59.7541,2026-09-06 23:59:20
47.649,-80.1502,2026-09-07 03:11:28
35.3579,160.8686,2026-09-07 09:16:45
-25.8668,15.079,2026-09-07 15:06:57
-51.3079,-111.2914,2026-09-07 19:32:11
0.7375,108.8258,2026-09-07 22:12:57
-49.6141,-169.6787,2026-09-08 00:12:45
-49.5436,54.7295,2026-09-08 06:16:49
-46.7379,-26.4548,2026-09-08 10:53:11
-4.9472,166.2954,2026-09-08 18:21:10
-17.4126,-89.1137,2026-09-08 22:05:49
